taxonID,description,type,language
alien-flora-congo-checklist:taxon:010c27436e3dea0403bd28db08b44bb9,America,native range,en
alien-flora-congo-checklist:taxon:010c27436e3dea0403bd28db08b44bb9,Climber,life form,en
alien-flora-congo-checklist:taxon:0171f3af60ee86a8b5bc59205a54bdbb,Africa,native range,en
alien-flora-congo-checklist:taxon:0171f3af60ee86a8b5bc59205a54bdbb,Perennial herb,life form,en
alien-flora-congo-checklist:taxon:0223d7c9b68681674df667aaa86170a3,America,native range,en
alien-flora-congo-checklist:taxon:0223d7c9b68681674df667aaa86170a3,Shrub,life form,en
alien-flora-congo-checklist:taxon:027344bba93f018fea22698c3950c9cc,America,native range,en
alien-flora-congo-checklist:taxon:027344bba93f018fea22698c3950c9cc,Annual herb,life form,en
alien-flora-congo-checklist:taxon:029078c7e27696d0c8a263ba53bda087,Africa,native range,en
alien-flora-congo-checklist:taxon:029078c7e27696d0c8a263ba53bda087,Perennial herb,life form,en
alien-flora-congo-checklist:taxon:038a62278d787ff080f66c433313835d,America,native range,en
alien-flora-congo-checklist:taxon:038a62278d787ff080f66c433313835d,Shrub,life form,en
alien-flora-congo-checklist:taxon:03a4ea24d3aa2e238d06ada8d3a5e01a,America,native range,en
alien-flora-congo-checklist:taxon:03a4ea24d3aa2e238d06ada8d3a5e01a,Annual herb,life form,en
alien-flora-congo-checklist:taxon:03d1c2d437fcf3b85a4b2bfe7d5354a9,Africa,native range,en
alien-flora-congo-checklist:taxon:03d1c2d437fcf3b85a4b2bfe7d5354a9,Perennial herb,life form,en
alien-flora-congo-checklist:taxon:05f6ed358b364acab55b2e34537c367d,America,native range,en
alien-flora-congo-checklist:taxon:05f6ed358b364acab55b2e34537c367d,Annual herb,life form,en
alien-flora-congo-checklist:taxon:06910e8082ade1e05f159bd0d3a8957f,America,native range,en
alien-flora-congo-checklist:taxon:06910e8082ade1e05f159bd0d3a8957f,Perennial herb,life form,en
alien-flora-congo-checklist:taxon:07c0ac89b847d6c99e6bd25d42a1bb20,Asia,native range,en
alien-flora-congo-checklist:taxon:07c0ac89b847d6c99e6bd25d42a1bb20,Perennial herb,life form,en
alien-flora-congo-checklist:taxon:085e2d90f23b702f94968cb279a18f50,America,native range,en
alien-flora-congo-checklist:taxon:085e2d90f23b702f94968cb279a18f50,Perennial herb,life form,en
alien-flora-congo-checklist:taxon:0886e333d9d2f4b0adf19a3c273faac8,Asia,native range,en
alien-flora-congo-checklist:taxon:0886e333d9d2f4b0adf19a3c273faac8,Perennial herb,life form,en
alien-flora-congo-checklist:taxon:08ed3481f0d6f0e2b60da9a5b4711dc9,Asia,native range,en
alien-flora-congo-checklist:taxon:08ed3481f0d6f0e2b60da9a5b4711dc9,Tree,life form,en
alien-flora-congo-checklist:taxon:0a1592aee31d50db7294c0e1d70b4c61,Asia,native range,en
alien-flora-congo-checklist:taxon:0a1592aee31d50db7294c0e1d70b4c61,Perennial herb,life form,en
alien-flora-congo-checklist:taxon:0a7a1bb4750085c5505621c1c6137827,America,native range,en
alien-flora-congo-checklist:taxon:0a7a1bb4750085c5505621c1c6137827,Tree,life form,en
alien-flora-congo-checklist:taxon:0aa48e873d655207d79e51067c52fe8c,America,native range,en
alien-flora-congo-checklist:taxon:0aa48e873d655207d79e51067c52fe8c,Climber,life form,en
alien-flora-congo-checklist:taxon:0b3f93c4a83e520b5aef2c8ea9bbbb1d,America,native range,en
alien-flora-congo-checklist:taxon:0b3f93c4a83e520b5aef2c8ea9bbbb1d,Annual herb,life form,en
alien-flora-congo-checklist:taxon:0c85679fd4c146c2e5f423482fdf8215,America,native range,en
alien-flora-congo-checklist:taxon:0c85679fd4c146c2e5f423482fdf8215,Perennial herb,life form,en
alien-flora-congo-checklist:taxon:0ce8bbdf208c919b3e02862ab09f23b8,Asia,native range,en
alien-flora-congo-checklist:taxon:0ce8bbdf208c919b3e02862ab09f23b8,Perennial herb,life form,en
alien-flora-congo-checklist:taxon:0d8b4cf34a555efdfcf68ef7cac07ae1,America,native range,en
alien-flora-congo-checklist:taxon:0d8b4cf34a555efdfcf68ef7cac07ae1,Perennial herb,life form,en
alien-flora-congo-checklist:taxon:0dbc671a7053e62e54434a6417e55678,Multiple,native range,en
alien-flora-congo-checklist:taxon:0dbc671a7053e62e54434a6417e55678,Annual herb,life form,en
alien-flora-congo-checklist:taxon:0eb4d2429d326e7cb2b3de5132430b4f,Oceania,native range,en
alien-flora-congo-checklist:taxon:0eb4d2429d326e7cb2b3de5132430b4f,Tree,life form,en
alien-flora-congo-checklist:taxon:0f8cd19b9b6c193a6bb812a046920b23,Multiple,native range,en
alien-flora-congo-checklist:taxon:0f8cd19b9b6c193a6bb812a046920b23,Annual herb,life form,en
alien-flora-congo-checklist:taxon:105428d1c2f78adb086c3d45daa5c361,America,native range,en
alien-flora-congo-checklist:taxon:105428d1c2f78adb086c3d45daa5c361,Perennial herb,life form,en
alien-flora-congo-checklist:taxon:119ae421bba744276c2086ce865cfde1,America,native range,en
alien-flora-congo-checklist:taxon:119ae421bba744276c2086ce865cfde1,Shrub,life form,en
alien-flora-congo-checklist:taxon:11ddf9dacac608235e74864ba9db3a6b,America,native range,en
alien-flora-congo-checklist:taxon:11ddf9dacac608235e74864ba9db3a6b,Annual herb,life form,en
alien-flora-congo-checklist:taxon:11fb62656eec96dea2237c845f41d5a9,Multiple,native range,en
alien-flora-congo-checklist:taxon:11fb62656eec96dea2237c845f41d5a9,Perennial herb,life form,en
alien-flora-congo-checklist:taxon:12549ca99e09eafa82e8c8e073246eac,Asia,native range,en
alien-flora-congo-checklist:taxon:12549ca99e09eafa82e8c8e073246eac,Annual herb,life form,en
alien-flora-congo-checklist:taxon:129ff6a27fe169e61fb0601354db4239,America,native range,en
alien-flora-congo-checklist:taxon:129ff6a27fe169e61fb0601354db4239,Shrub,life form,en
alien-flora-congo-checklist:taxon:135395503fc235f4a808d66d4bc25785,America,native range,en
alien-flora-congo-checklist:taxon:135395503fc235f4a808d66d4bc25785,Annual herb,life form,en
alien-flora-congo-checklist:taxon:138549a713a89f4d09e689dbd68f6e9e,Asia,native range,en
alien-flora-congo-checklist:taxon:138549a713a89f4d09e689dbd68f6e9e,Climber,life form,en
alien-flora-congo-checklist:taxon:14cc3bb18537cdf529cb8dde5a42725c,America,native range,en
alien-flora-congo-checklist:taxon:14cc3bb18537cdf529cb8dde5a42725c,Annual herb,life form,en
alien-flora-congo-checklist:taxon:169e8ec574361cfc269099f04761040a,America,native range,en
alien-flora-congo-checklist:taxon:169e8ec574361cfc269099f04761040a,Shrub,life form,en
alien-flora-congo-checklist:taxon:178e15be3deb16b3cd3bde05ba41b084,America,native range,en
alien-flora-congo-checklist:taxon:178e15be3deb16b3cd3bde05ba41b084,Perennial herb,life form,en
alien-flora-congo-checklist:taxon:18299add942ac41e69ad6dbc44512f0a,Asia,native range,en
alien-flora-congo-checklist:taxon:18299add942ac41e69ad6dbc44512f0a,Tree,life form,en
alien-flora-congo-checklist:taxon:184a794ece0753e9bbfc7b3b7f7ba616,Europe,native range,en
alien-flora-congo-checklist:taxon:184a794ece0753e9bbfc7b3b7f7ba616,Perennial herb,life form,en
alien-flora-congo-checklist:taxon:18724e80ac954315f911927e1f20ceff,America,native range,en
alien-flora-congo-checklist:taxon:18724e80ac954315f911927e1f20ceff,Perennial herb,life form,en
alien-flora-congo-checklist:taxon:18b3d5a84d52595357c8ad1fb59819a5,America,native range,en
alien-flora-congo-checklist:taxon:18b3d5a84d52595357c8ad1fb59819a5,Shrub,life form,en
alien-flora-congo-checklist:taxon:18da277a2016baf5ac5cc7a48eb396c2,America,native range,en
alien-flora-congo-checklist:taxon:18da277a2016baf5ac5cc7a48eb396c2,Perennial herb,life form,en
alien-flora-congo-checklist:taxon:18fd92eead543fd545639cc23c6ccb8a,Multiple,native range,en
alien-flora-congo-checklist:taxon:18fd92eead543fd545639cc23c6ccb8a,Annual herb,life form,en
alien-flora-congo-checklist:taxon:197706ca9c96bfd93a14fce8b0b7f599,America,native range,en
alien-flora-congo-checklist:taxon:197706ca9c96bfd93a14fce8b0b7f599,Shrub,life form,en
alien-flora-congo-checklist:taxon:19af79ba39a27a1a5e62544ce11c57fb,America,native range,en
alien-flora-congo-checklist:taxon:19af79ba39a27a1a5e62544ce11c57fb,Tree,life form,en
alien-flora-congo-checklist:taxon:19c9d38ad7d80670a5c2700b9785b767,Africa,native range,en
alien-flora-congo-checklist:taxon:19c9d38ad7d80670a5c2700b9785b767,Annual herb,life form,en
alien-flora-congo-checklist:taxon:19d57a88805020a5e6903eef5090adc7,America,native range,en
alien-flora-congo-checklist:taxon:19d57a88805020a5e6903eef5090adc7,Perennial herb,life form,en
alien-flora-congo-checklist:taxon:19f037a613b7ffdc49edfbd42e411d03,America,native range,en
alien-flora-congo-checklist:taxon:19f037a613b7ffdc49edfbd42e411d03,Shrub,life form,en
alien-flora-congo-checklist:taxon:19f1ff638ebc88e1f049c1bbef156bd1,Multiple,native range,en
alien-flora-congo-checklist:taxon:19f1ff638ebc88e1f049c1bbef156bd1,Shrub,life form,en
alien-flora-congo-checklist:taxon:1a02cc2003c23692359d1580102f4124,Asia,native range,en
alien-flora-congo-checklist:taxon:1a02cc2003c23692359d1580102f4124,Climber,life form,en
alien-flora-congo-checklist:taxon:1a4d1a68dca66c060cf543c57ae3286d,America,native range,en
alien-flora-congo-checklist:taxon:1a4d1a68dca66c060cf543c57ae3286d,Perennial herb,life form,en
alien-flora-congo-checklist:taxon:1a9ed6a1ed0ed78e5bdfab0c38189fb9,Asia,native range,en
alien-flora-congo-checklist:taxon:1a9ed6a1ed0ed78e5bdfab0c38189fb9,Annual herb,life form,en
alien-flora-congo-checklist:taxon:1aaa6f3e1144dbe7fd96563852b7a79d,America,native range,en
alien-flora-congo-checklist:taxon:1aaa6f3e1144dbe7fd96563852b7a79d,Annual herb,life form,en
alien-flora-congo-checklist:taxon:1afa7eac94ad54d9ca9ab135fcffba38,Africa,native range,en
alien-flora-congo-checklist:taxon:1afa7eac94ad54d9ca9ab135fcffba38,Annual herb,life form,en
alien-flora-congo-checklist:taxon:1b42d79896c69c0c6482324c59c29bf4,Asia,native range,en
alien-flora-congo-checklist:taxon:1b42d79896c69c0c6482324c59c29bf4,Tree,life form,en
alien-flora-congo-checklist:taxon:1d6ff724a3618e7c3622967898e54113,America,native range,en
alien-flora-congo-checklist:taxon:1d6ff724a3618e7c3622967898e54113,Perennial herb,life form,en
alien-flora-congo-checklist:taxon:1d772d77c14965ea69f96548e2cbc03b,America,native range,en
alien-flora-congo-checklist:taxon:1d772d77c14965ea69f96548e2cbc03b,Annual herb,life form,en
alien-flora-congo-checklist:taxon:1da1d68f7094afcd6bb78bad3779c786,Oceania,native range,en
alien-flora-congo-checklist:taxon:1da1d68f7094afcd6bb78bad3779c786,Tree,life form,en
alien-flora-congo-checklist:taxon:1dc8be3b7dc165aa5adba1e83ea158eb,America,native range,en
alien-flora-congo-checklist:taxon:1dc8be3b7dc165aa5adba1e83ea158eb,Annual herb,life form,en
alien-flora-congo-checklist:taxon:1de4dcbbc075ad8bce86c63825c0b303,Asia,native range,en
alien-flora-congo-checklist:taxon:1de4dcbbc075ad8bce86c63825c0b303,Climber,life form,en
alien-flora-congo-checklist:taxon:1f1b7100ee8484d91ba196ad7adb6776,Asia,native range,en
alien-flora-congo-checklist:taxon:1f1b7100ee8484d91ba196ad7adb6776,Annual herb,life form,en
alien-flora-congo-checklist:taxon:1f4528950605c3f66eaf34952caa4700,Multiple,native range,en
alien-flora-congo-checklist:taxon:1f4528950605c3f66eaf34952caa4700,Annual herb,life form,en
alien-flora-congo-checklist:taxon:1f6c831730b8f450abbdc9f368f7448b,America,native range,en
alien-flora-congo-checklist:taxon:1f6c831730b8f450abbdc9f368f7448b,Climber,life form,en
alien-flora-congo-checklist:taxon:206be90d56b888c2db598c7e77d67632,Africa,native range,en
alien-flora-congo-checklist:taxon:206be90d56b888c2db598c7e77d67632,Shrub,life form,en
alien-flora-congo-checklist:taxon:213c535d3fc3016ed1009372d8faa098,Asia,native range,en
alien-flora-congo-checklist:taxon:213c535d3fc3016ed1009372d8faa098,Annual herb,life form,en
alien-flora-congo-checklist:taxon:21838f0d3776c5b80c8b4ee44f0b86b5,Asia,native range,en
alien-flora-congo-checklist:taxon:21838f0d3776c5b80c8b4ee44f0b86b5,Perennial herb,life form,en
alien-flora-congo-checklist:taxon:2306d6326c614450d20981b40a4b742c,America,native range,en
alien-flora-congo-checklist:taxon:2306d6326c614450d20981b40a4b742c,Shrub,life form,en
alien-flora-congo-checklist:taxon:231432fd157463575806e7863e8e1e56,America,native range,en
alien-flora-congo-checklist:taxon:231432fd157463575806e7863e8e1e56,Shrub,life form,en
alien-flora-congo-checklist:taxon:233f4672cdb30f5b02c28d5b70d7315d,America,native range,en
alien-flora-congo-checklist:taxon:233f4672cdb30f5b02c28d5b70d7315d,Tree,life form,en
alien-flora-congo-checklist:taxon:24b99f0459d69c969e8e2262e1c242a2,Asia,native range,en
alien-flora-congo-checklist:taxon:24b99f0459d69c969e8e2262e1c242a2,Annual herb,life form,en
alien-flora-congo-checklist:taxon:24d1e9cd07ecdc89fbd4a8f2b4d7b3a9,Multiple,native range,en
alien-flora-congo-checklist:taxon:24d1e9cd07ecdc89fbd4a8f2b4d7b3a9,Annual herb,life form,en
alien-flora-congo-checklist:taxon:24fdcb7cc85afb14d23b4c5b5d227131,America,native range,en
alien-flora-congo-checklist:taxon:24fdcb7cc85afb14d23b4c5b5d227131,Annual herb,life form,en
alien-flora-congo-checklist:taxon:25501228ebc4ef2176168e587a11a3d4,Africa,native range,en
alien-flora-congo-checklist:taxon:25501228ebc4ef2176168e587a11a3d4,Perennial herb,life form,en
alien-flora-congo-checklist:taxon:257f50fd701d41f96e9e11070f58d703,Africa,native range,en
alien-flora-congo-checklist:taxon:257f50fd701d41f96e9e11070f58d703,Shrub,life form,en
alien-flora-congo-checklist:taxon:272e33b292d3d83a44f462add71e9a07,Asia,native range,en
alien-flora-congo-checklist:taxon:272e33b292d3d83a44f462add71e9a07,Perennial herb,life form,en
alien-flora-congo-checklist:taxon:27ed880f639ee7014346a63b1653ff7d,America,native range,en
alien-flora-congo-checklist:taxon:27ed880f639ee7014346a63b1653ff7d,Annual herb,life form,en
alien-flora-congo-checklist:taxon:2906dc35f1edc82021e69684bc1dad6c,Asia,native range,en
alien-flora-congo-checklist:taxon:2906dc35f1edc82021e69684bc1dad6c,Tree,life form,en
alien-flora-congo-checklist:taxon:29aea30fb66dbda892ee741e11182130,Asia,native range,en
alien-flora-congo-checklist:taxon:29aea30fb66dbda892ee741e11182130,Tree,life form,en
alien-flora-congo-checklist:taxon:2a11ccfba90d7bb344b0179a71aa6bba,America,native range,en
alien-flora-congo-checklist:taxon:2a11ccfba90d7bb344b0179a71aa6bba,Climber,life form,en
alien-flora-congo-checklist:taxon:2a354f8c1b62841c84a61c3ea7e926fe,Multiple,native range,en
alien-flora-congo-checklist:taxon:2a354f8c1b62841c84a61c3ea7e926fe,Annual herb,life form,en
alien-flora-congo-checklist:taxon:2a79abe41f09ae06b73d8c4ac419cc58,Asia,native range,en
alien-flora-congo-checklist:taxon:2a79abe41f09ae06b73d8c4ac419cc58,Shrub,life form,en
alien-flora-congo-checklist:taxon:2ab0e6606942539ea9b1be7a27203df7,Asia,native range,en
alien-flora-congo-checklist:taxon:2ab0e6606942539ea9b1be7a27203df7,Shrub,life form,en
alien-flora-congo-checklist:taxon:2b108ce689c378e1c39b26f161c92622,America,native range,en
alien-flora-congo-checklist:taxon:2b108ce689c378e1c39b26f161c92622,Perennial herb,life form,en
alien-flora-congo-checklist:taxon:2b7014667dc79af03116a3ab317299d9,America,native range,en
alien-flora-congo-checklist:taxon:2b7014667dc79af03116a3ab317299d9,Annual herb,life form,en
alien-flora-congo-checklist:taxon:2cce516708375252b529af22f44f96ee,Africa,native range,en
alien-flora-congo-checklist:taxon:2cce516708375252b529af22f44f96ee,Shrub,life form,en
alien-flora-congo-checklist:taxon:2d15307ffb1f456c1b40c1ea9abbbe74,America,native range,en
alien-flora-congo-checklist:taxon:2d15307ffb1f456c1b40c1ea9abbbe74,Perennial herb,life form,en
alien-flora-congo-checklist:taxon:2dfe6ed86597ceadf0711aa014e35c0d,Multiple,native range,en
alien-flora-congo-checklist:taxon:2dfe6ed86597ceadf0711aa014e35c0d,Perennial herb,life form,en
alien-flora-congo-checklist:taxon:2e002a33b58d972ab8b659aef4527889,America,native range,en
alien-flora-congo-checklist:taxon:2e002a33b58d972ab8b659aef4527889,Annual herb,life form,en
alien-flora-congo-checklist:taxon:2eb0c36f1046d315d05b431271d0098f,America,native range,en
alien-flora-congo-checklist:taxon:2eb0c36f1046d315d05b431271d0098f,Annual herb,life form,en
alien-flora-congo-checklist:taxon:2ed0fb37d0caa6f7539a1d0b5dab5fee,America,native range,en
alien-flora-congo-checklist:taxon:2ed0fb37d0caa6f7539a1d0b5dab5fee,Annual herb,life form,en
alien-flora-congo-checklist:taxon:3036de13fd0dabb966d47940886981cd,America,native range,en
alien-flora-congo-checklist:taxon:3036de13fd0dabb966d47940886981cd,Perennial herb,life form,en
alien-flora-congo-checklist:taxon:314ce61a24845ae8e2105e198989d864,America,native range,en
alien-flora-congo-checklist:taxon:314ce61a24845ae8e2105e198989d864,Shrub,life form,en
alien-flora-congo-checklist:taxon:31bd84de36bf09e44c75a01c7bd4b63b,America,native range,en
alien-flora-congo-checklist:taxon:31bd84de36bf09e44c75a01c7bd4b63b,Annual herb,life form,en
alien-flora-congo-checklist:taxon:31bf7f512188e683aa227a03356480fd,America,native range,en
alien-flora-congo-checklist:taxon:31bf7f512188e683aa227a03356480fd,Annual herb,life form,en
alien-flora-congo-checklist:taxon:31ed91e4eb6b52b668568394d212cfe5,Africa,native range,en
alien-flora-congo-checklist:taxon:31ed91e4eb6b52b668568394d212cfe5,Perennial herb,life form,en
alien-flora-congo-checklist:taxon:331739cc2c660be27963b0bc1a7121ae,America,native range,en
alien-flora-congo-checklist:taxon:331739cc2c660be27963b0bc1a7121ae,Climber,life form,en
alien-flora-congo-checklist:taxon:336095f6c9ecb297a43e5de2b69f568c,Asia,native range,en
alien-flora-congo-checklist:taxon:336095f6c9ecb297a43e5de2b69f568c,Climber,life form,en
alien-flora-congo-checklist:taxon:336359fdb0fde96daee6bcff00ddd5bc,Africa,native range,en
alien-flora-congo-checklist:taxon:336359fdb0fde96daee6bcff00ddd5bc,Perennial herb,life form,en
alien-flora-congo-checklist:taxon:33910e99c2356b8d6e9fb6ba61535b5e,America,native range,en
alien-flora-congo-checklist:taxon:33910e99c2356b8d6e9fb6ba61535b5e,Annual herb,life form,en
alien-flora-congo-checklist:taxon:33c7f9d28a35bce4a451b690bba2159a,America,native range,en
alien-flora-congo-checklist:taxon:33c7f9d28a35bce4a451b690bba2159a,Annual herb,life form,en
alien-flora-congo-checklist:taxon:35e23633983dd906ada3bcbf1780ff61,Asia,native range,en
alien-flora-congo-checklist:taxon:35e23633983dd906ada3bcbf1780ff61,Tree,life form,en
alien-flora-congo-checklist:taxon:35e2fa01e7eda477d861fe4135605ea5,America,native range,en
alien-flora-congo-checklist:taxon:35e2fa01e7eda477d861fe4135605ea5,Annual herb,life form,en
alien-flora-congo-checklist:taxon:36248f96052a2700c3f7cdfd0b294ff1,Asia,native range,en
alien-flora-congo-checklist:taxon:36248f96052a2700c3f7cdfd0b294ff1,Climber,life form,en
alien-flora-congo-checklist:taxon:363cf2492d2f2ae3f7b106477f8200ed,America,native range,en
alien-flora-congo-checklist:taxon:363cf2492d2f2ae3f7b106477f8200ed,Annual herb,life form,en
alien-flora-congo-checklist:taxon:380dd174ccd032fe884d8a5c95cab719,Asia,native range,en
alien-flora-congo-checklist:taxon:380dd174ccd032fe884d8a5c95cab719,Climber,life form,en
alien-flora-congo-checklist:taxon:3882d0d4465fe7e33a5b8d7cbc2e8acb,Asia,native range,en
alien-flora-congo-checklist:taxon:3882d0d4465fe7e33a5b8d7cbc2e8acb,Tree,life form,en
alien-flora-congo-checklist:taxon:3976e7e528174926e7c2f821843e2635,America,native range,en
alien-flora-congo-checklist:taxon:3976e7e528174926e7c2f821843e2635,Annual herb,life form,en
alien-flora-congo-checklist:taxon:398a6ee18b2b71b5d8c6e3641ea4331a,Multiple,native range,en
alien-flora-congo-checklist:taxon:398a6ee18b2b71b5d8c6e3641ea4331a,Climber,life form,en
alien-flora-congo-checklist:taxon:39bc292c52b46a8ffd6a1080705db038,America,native range,en
alien-flora-congo-checklist:taxon:39bc292c52b46a8ffd6a1080705db038,Climber,life form,en
alien-flora-congo-checklist:taxon:39d9e12cab6561665cb5909b51d9d697,America,native range,en
alien-flora-congo-checklist:taxon:39d9e12cab6561665cb5909b51d9d697,Shrub,life form,en
alien-flora-congo-checklist:taxon:3bcd923b2c508b97f1c7d4433e453058,America,native range,en
alien-flora-congo-checklist:taxon:3bcd923b2c508b97f1c7d4433e453058,Aquatic,life form,en
alien-flora-congo-checklist:taxon:3be8478851f5ee2e443c04cc9ba6d616,Asia,native range,en
alien-flora-congo-checklist:taxon:3be8478851f5ee2e443c04cc9ba6d616,Tree,life form,en
alien-flora-congo-checklist:taxon:3bf69eda1b234213a52c7399891b7f86,America,native range,en
alien-flora-congo-checklist:taxon:3bf69eda1b234213a52c7399891b7f86,Annual herb,life form,en
alien-flora-congo-checklist:taxon:3c9c3536c2bf515e6ad099454bce0020,America,native range,en
alien-flora-congo-checklist:taxon:3c9c3536c2bf515e6ad099454bce0020,Shrub,life form,en
alien-flora-congo-checklist:taxon:3d2e5f825cfec3285b3b2cfa65888967,America,native range,en
alien-flora-congo-checklist:taxon:3d2e5f825cfec3285b3b2cfa65888967,Perennial herb,life form,en
alien-flora-congo-checklist:taxon:3f3ef031c149626bfda6e12110c8c073,America,native range,en
alien-flora-congo-checklist:taxon:3f3ef031c149626bfda6e12110c8c073,Annual herb,life form,en
alien-flora-congo-checklist:taxon:3f8003d5ac9316064878c1165435b463,America,native range,en
alien-flora-congo-checklist:taxon:3f8003d5ac9316064878c1165435b463,Perennial herb,life form,en
alien-flora-congo-checklist:taxon:3f9facd439603069fb7d627a079a7543,Asia,native range,en
alien-flora-congo-checklist:taxon:3f9facd439603069fb7d627a079a7543,Tree,life form,en
alien-flora-congo-checklist:taxon:3f9feb5ce4a9b52418f627c69a2a9f02,America,native range,en
alien-flora-congo-checklist:taxon:3f9feb5ce4a9b52418f627c69a2a9f02,Shrub,life form,en
alien-flora-congo-checklist:taxon:40654a2b00b8327981cf17704e233ed7,America,native range,en
alien-flora-congo-checklist:taxon:40654a2b00b8327981cf17704e233ed7,Perennial herb,life form,en
alien-flora-congo-checklist:taxon:412e87fd2695594efafa5909d9010860,Asia,native range,en
alien-flora-congo-checklist:taxon:412e87fd2695594efafa5909d9010860,Shrub,life form,en
alien-flora-congo-checklist:taxon:41fd8bc2120a23527a2b9eb90e1fe8e4,Asia,native range,en
alien-flora-congo-checklist:taxon:41fd8bc2120a23527a2b9eb90e1fe8e4,Annual herb,life form,en
alien-flora-congo-checklist:taxon:420366531e64af111edf84fb70373368,America,native range,en
alien-flora-congo-checklist:taxon:420366531e64af111edf84fb70373368,Shrub,life form,en
alien-flora-congo-checklist:taxon:42f139e6bb3e7cb482596b66d307153f,America,native range,en
alien-flora-congo-checklist:taxon:42f139e6bb3e7cb482596b66d307153f,Shrub,life form,en
alien-flora-congo-checklist:taxon:43791e98a2cdbf09616d4c035c431841,America,native range,en
alien-flora-congo-checklist:taxon:43791e98a2cdbf09616d4c035c431841,Climber,life form,en
alien-flora-congo-checklist:taxon:439e2b8131c5d27ee52626503784354b,America,native range,en
alien-flora-congo-checklist:taxon:439e2b8131c5d27ee52626503784354b,Tree,life form,en
alien-flora-congo-checklist:taxon:4434a302bb0ee261820a10aa93564a51,America,native range,en
alien-flora-congo-checklist:taxon:4434a302bb0ee261820a10aa93564a51,Annual herb,life form,en
alien-flora-congo-checklist:taxon:450090b3a6c279822037de4170a2d6bc,America,native range,en
alien-flora-congo-checklist:taxon:450090b3a6c279822037de4170a2d6bc,Annual herb,life form,en
alien-flora-congo-checklist:taxon:453566ae780b51e88097cfb4258532df,America,native range,en
alien-flora-congo-checklist:taxon:453566ae780b51e88097cfb4258532df,Tree,life form,en
alien-flora-congo-checklist:taxon:466bef80327eef4c3c67630b0592d40d,Asia,native range,en
alien-flora-congo-checklist:taxon:466bef80327eef4c3c67630b0592d40d,Climber,life form,en
alien-flora-congo-checklist:taxon:46beacea776dbfedadcf8c24fac185b3,Multiple,native range,en
alien-flora-congo-checklist:taxon:46beacea776dbfedadcf8c24fac185b3,Climber,life form,en
alien-flora-congo-checklist:taxon:48ab6deb0fe59c0607e62c9727c7708d,America,native range,en
alien-flora-congo-checklist:taxon:48ab6deb0fe59c0607e62c9727c7708d,Annual herb,life form,en
alien-flora-congo-checklist:taxon:48c37b493aca00a8b72a1e3d201a0ee4,America,native range,en
alien-flora-congo-checklist:taxon:48c37b493aca00a8b72a1e3d201a0ee4,Perennial herb,life form,en
alien-flora-congo-checklist:taxon:49659ca19e90544ab252471f9cdc891e,America,native range,en
alien-flora-congo-checklist:taxon:49659ca19e90544ab252471f9cdc891e,Climber,life form,en
alien-flora-congo-checklist:taxon:4bb6c2fd4edcc3d805d4e8043cc89411,America,native range,en
alien-flora-congo-checklist:taxon:4bb6c2fd4edcc3d805d4e8043cc89411,Shrub,life form,en
alien-flora-congo-checklist:taxon:4beb46e5601ea334cbb282a40c370e1c,America,native range,en
alien-flora-congo-checklist:taxon:4beb46e5601ea334cbb282a40c370e1c,Annual herb,life form,en
alien-flora-congo-checklist:taxon:4c563c646598ffae73ed0469e35c13bd,America,native range,en
alien-flora-congo-checklist:taxon:4c563c646598ffae73ed0469e35c13bd,Annual herb,life form,en
alien-flora-congo-checklist:taxon:4da415beb68acfa8bb1c31de1e8379ed,America,native range,en
alien-flora-congo-checklist:taxon:4da415beb68acfa8bb1c31de1e8379ed,Climber,life form,en
alien-flora-congo-checklist:taxon:4dd2d73d3c6db823e96f8e8b34f4f571,America,native range,en
alien-flora-congo-checklist:taxon:4dd2d73d3c6db823e96f8e8b34f4f571,Shrub,life form,en
alien-flora-congo-checklist:taxon:4df8d83f74d0820981e5683716933863,Africa,native range,en
alien-flora-congo-checklist:taxon:4df8d83f74d0820981e5683716933863,Annual herb,life form,en
alien-flora-congo-checklist:taxon:4e29ae384dd936177d526f737bc0923f,America,native range,en
alien-flora-congo-checklist:taxon:4e29ae384dd936177d526f737bc0923f,Annual herb,life form,en
alien-flora-congo-checklist:taxon:4e99a0e429b89672d7526493140b6899,America,native range,en
alien-flora-congo-checklist:taxon:4e99a0e429b89672d7526493140b6899,Annual herb,life form,en
alien-flora-congo-checklist:taxon:4e9af5b2c0b3bb9455ee3a45a7ad3125,America,native range,en
alien-flora-congo-checklist:taxon:4e9af5b2c0b3bb9455ee3a45a7ad3125,Annual herb,life form,en
alien-flora-congo-checklist:taxon:4fb9c7f0c8c24bcccfd25d084e0a4a4c,America,native range,en
alien-flora-congo-checklist:taxon:4fb9c7f0c8c24bcccfd25d084e0a4a4c,Perennial herb,life form,en
alien-flora-congo-checklist:taxon:50006802a1a75b2a708d00850ba68b4a,Africa,native range,en
alien-flora-congo-checklist:taxon:50006802a1a75b2a708d00850ba68b4a,Annual herb,life form,en
alien-flora-congo-checklist:taxon:512b711fe714b61e9a83865626ecf6fb,Multiple,native range,en
alien-flora-congo-checklist:taxon:512b711fe714b61e9a83865626ecf6fb,Annual herb,life form,en
alien-flora-congo-checklist:taxon:51771e216a581752815f98cd482a04dc,America,native range,en
alien-flora-congo-checklist:taxon:51771e216a581752815f98cd482a04dc,Perennial herb,life form,en
alien-flora-congo-checklist:taxon:51b8c72ba7406270352dfede1df9542a,Asia,native range,en
alien-flora-congo-checklist:taxon:51b8c72ba7406270352dfede1df9542a,Tree,life form,en
alien-flora-congo-checklist:taxon:52608e67402587371aa4746c37abc3b9,America,native range,en
alien-flora-congo-checklist:taxon:52608e67402587371aa4746c37abc3b9,Tree,life form,en
alien-flora-congo-checklist:taxon:52dba30eb5241069ac6a014b2c27f00e,America,native range,en
alien-flora-congo-checklist:taxon:52dba30eb5241069ac6a014b2c27f00e,Climber,life form,en
alien-flora-congo-checklist:taxon:53064f7e2909db06671b763ba4a1bb4e,Multiple,native range,en
alien-flora-congo-checklist:taxon:53064f7e2909db06671b763ba4a1bb4e,Aquatic,life form,en
alien-flora-congo-checklist:taxon:55ccd03e5023a6b0ac116170b7c22104,America,native range,en
alien-flora-congo-checklist:taxon:55ccd03e5023a6b0ac116170b7c22104,Shrub,life form,en
alien-flora-congo-checklist:taxon:57a7118233ef40bec92485b3a7095f02,America,native range,en
alien-flora-congo-checklist:taxon:57a7118233ef40bec92485b3a7095f02,Tree,life form,en
alien-flora-congo-checklist:taxon:597091fd85201d858a569ed37ae7d3ac,Oceania,native range,en
alien-flora-congo-checklist:taxon:597091fd85201d858a569ed37ae7d3ac,Annual herb,life form,en
alien-flora-congo-checklist:taxon:5a17233e8375169f2a8bc2b31fc0c64a,America,native range,en
alien-flora-congo-checklist:taxon:5a17233e8375169f2a8bc2b31fc0c64a,Annual herb,life form,en
alien-flora-congo-checklist:taxon:5a37fb4c3fb5e2181feb1c69d08e2964,Africa,native range,en
alien-flora-congo-checklist:taxon:5a37fb4c3fb5e2181feb1c69d08e2964,Tree,life form,en
alien-flora-congo-checklist:taxon:5b39f3adb41c83caf9cc54f9d97ed744,America,native range,en
alien-flora-congo-checklist:taxon:5b39f3adb41c83caf9cc54f9d97ed744,Shrub,life form,en
alien-flora-congo-checklist:taxon:5b6ce7817a9c46368f7cde4be7c578fa,Asia,native range,en
alien-flora-congo-checklist:taxon:5b6ce7817a9c46368f7cde4be7c578fa,Shrub,life form,en
alien-flora-congo-checklist:taxon:5b7be68de871e8eb40743c4c05f961df,Asia,native range,en
alien-flora-congo-checklist:taxon:5b7be68de871e8eb40743c4c05f961df,Annual herb,life form,en
alien-flora-congo-checklist:taxon:5bbc0650bc7b36489d281587606ac7bd,America,native range,en
alien-flora-congo-checklist:taxon:5bbc0650bc7b36489d281587606ac7bd,Shrub,life form,en
alien-flora-congo-checklist:taxon:5bfabf4f5eab2545d60e31be25a5ff18,America,native range,en
alien-flora-congo-checklist:taxon:5bfabf4f5eab2545d60e31be25a5ff18,Shrub,life form,en
alien-flora-congo-checklist:taxon:5c779a0b6ba9540b4fe96952f08f0103,America,native range,en
alien-flora-congo-checklist:taxon:5c779a0b6ba9540b4fe96952f08f0103,Climber,life form,en
alien-flora-congo-checklist:taxon:5e78408d24eeac122435171077eb39ee,America,native range,en
alien-flora-congo-checklist:taxon:5e78408d24eeac122435171077eb39ee,Annual herb,life form,en
alien-flora-congo-checklist:taxon:5f45180618991ef2b221695254e7cf2e,America,native range,en
alien-flora-congo-checklist:taxon:5f45180618991ef2b221695254e7cf2e,Annual herb,life form,en
alien-flora-congo-checklist:taxon:5f806b9d9eed3688b9868ab026529386,Asia,native range,en
alien-flora-congo-checklist:taxon:5f806b9d9eed3688b9868ab026529386,Perennial herb,life form,en
alien-flora-congo-checklist:taxon:5fbe9347397cfe8f9a7a0175c3535053,America,native range,en
alien-flora-congo-checklist:taxon:5fbe9347397cfe8f9a7a0175c3535053,Shrub,life form,en
alien-flora-congo-checklist:taxon:5fe8850bdc7f2e83c4e5ce3a19219d7a,America,native range,en
alien-flora-congo-checklist:taxon:5fe8850bdc7f2e83c4e5ce3a19219d7a,Perennial herb,life form,en
alien-flora-congo-checklist:taxon:6028a8c4b80faac1a50c2e21d97d6360,America,native range,en
alien-flora-congo-checklist:taxon:6028a8c4b80faac1a50c2e21d97d6360,Perennial herb,life form,en
alien-flora-congo-checklist:taxon:608815fb6da808bf1ddec9d32b6abb39,America,native range,en
alien-flora-congo-checklist:taxon:608815fb6da808bf1ddec9d32b6abb39,Annual herb,life form,en
alien-flora-congo-checklist:taxon:6253cc06bf27330cb78cf9fe73ef8519,Asia,native range,en
alien-flora-congo-checklist:taxon:6253cc06bf27330cb78cf9fe73ef8519,Perennial herb,life form,en
alien-flora-congo-checklist:taxon:637e1081a33a53063fdf4d808ca1b613,Multiple,native range,en
alien-flora-congo-checklist:taxon:637e1081a33a53063fdf4d808ca1b613,Annual herb,life form,en
alien-flora-congo-checklist:taxon:64302edcda82fefcf5b8094ee246ee6e,America,native range,en
alien-flora-congo-checklist:taxon:64302edcda82fefcf5b8094ee246ee6e,Annual herb,life form,en
alien-flora-congo-checklist:taxon:65681f1c172d456a95e6d9287b041fbe,America,native range,en
alien-flora-congo-checklist:taxon:65681f1c172d456a95e6d9287b041fbe,Perennial herb,life form,en
alien-flora-congo-checklist:taxon:66192857441b852ade0e2d47a73353da,Europe,native range,en
alien-flora-congo-checklist:taxon:66192857441b852ade0e2d47a73353da,Perennial herb,life form,en
alien-flora-congo-checklist:taxon:662e7c503ee964f58db70b1c6c6bdc5f,Oceania,native range,en
alien-flora-congo-checklist:taxon:662e7c503ee964f58db70b1c6c6bdc5f,Perennial herb,life form,en
alien-flora-congo-checklist:taxon:665b2cdd03c08f849b57235228a040ca,Asia,native range,en
alien-flora-congo-checklist:taxon:665b2cdd03c08f849b57235228a040ca,Shrub,life form,en
alien-flora-congo-checklist:taxon:69267f5f29445bea9262e1b19fc63e8b,Africa,native range,en
alien-flora-congo-checklist:taxon:69267f5f29445bea9262e1b19fc63e8b,Shrub,life form,en
alien-flora-congo-checklist:taxon:693ebcb3d305da7ac180bd16d8bb4801,America,native range,en
alien-flora-congo-checklist:taxon:693ebcb3d305da7ac180bd16d8bb4801,Annual herb,life form,en
alien-flora-congo-checklist:taxon:699827c2f8968e0acd0c0680a14c0536,America,native range,en
alien-flora-congo-checklist:taxon:699827c2f8968e0acd0c0680a14c0536,Shrub,life form,en
alien-flora-congo-checklist:taxon:6a7fac1f0a256c6c19fb5fd312c3af80,Multiple,native range,en
alien-flora-congo-checklist:taxon:6a7fac1f0a256c6c19fb5fd312c3af80,Perennial herb,life form,en
alien-flora-congo-checklist:taxon:6b77a87f7f84fd0c4fda7a65b1108688,Asia,native range,en
alien-flora-congo-checklist:taxon:6b77a87f7f84fd0c4fda7a65b1108688,Annual herb,life form,en
alien-flora-congo-checklist:taxon:6b9c2bf4cdc546432e82e1720daf5ebf,Africa,native range,en
alien-flora-congo-checklist:taxon:6b9c2bf4cdc546432e82e1720daf5ebf,Perennial herb,life form,en
alien-flora-congo-checklist:taxon:6c0f1c6eff1486aaa7c9e851dd7bb3e6,Multiple,native range,en
alien-flora-congo-checklist:taxon:6c0f1c6eff1486aaa7c9e851dd7bb3e6,Annual herb,life form,en
alien-flora-congo-checklist:taxon:6c601312e95984c3cf8e597ddd5168c5,America,native range,en
alien-flora-congo-checklist:taxon:6c601312e95984c3cf8e597ddd5168c5,Tree,life form,en
alien-flora-congo-checklist:taxon:6c655733b7ca25205af1dfd1dedca776,America,native range,en
alien-flora-congo-checklist:taxon:6c655733b7ca25205af1dfd1dedca776,Perennial herb,life form,en
alien-flora-congo-checklist:taxon:6cb71022f69f2157d0566d02f3cafb17,Multiple,native range,en
alien-flora-congo-checklist:taxon:6cb71022f69f2157d0566d02f3cafb17,Annual herb,life form,en
alien-flora-congo-checklist:taxon:6d20b2f5654bce4d56582f5973217246,America,native range,en
alien-flora-congo-checklist:taxon:6d20b2f5654bce4d56582f5973217246,Climber,life form,en
alien-flora-congo-checklist:taxon:6d938d9154eccb583ddd5394743b1027,America,native range,en
alien-flora-congo-checklist:taxon:6d938d9154eccb583ddd5394743b1027,Annual herb,life form,en
alien-flora-congo-checklist:taxon:6db11587ed456b68211d855ef9a586c0,America,native range,en
alien-flora-congo-checklist:taxon:6db11587ed456b68211d855ef9a586c0,Shrub,life form,en
alien-flora-congo-checklist:taxon:6deaaa4a56a79943e2daaab73162e960,America,native range,en
alien-flora-congo-checklist:taxon:6deaaa4a56a79943e2daaab73162e960,Perennial herb,life form,en
alien-flora-congo-checklist:taxon:6e2f9b6066434321048777b064aa85a0,America,native range,en
alien-flora-congo-checklist:taxon:6e2f9b6066434321048777b064aa85a0,Shrub,life form,en
alien-flora-congo-checklist:taxon:6e32ae42aa3753dd326dc389ea745b3a,Asia,native range,en
alien-flora-congo-checklist:taxon:6e32ae42aa3753dd326dc389ea745b3a,Annual herb,life form,en
alien-flora-congo-checklist:taxon:6e708672bdc4e0ac53d171e04ea1c21c,America,native range,en
alien-flora-congo-checklist:taxon:6e708672bdc4e0ac53d171e04ea1c21c,Annual herb,life form,en
alien-flora-congo-checklist:taxon:6f1c50ac4fe70da802c3b04cba0d93a1,America,native range,en
alien-flora-congo-checklist:taxon:6f1c50ac4fe70da802c3b04cba0d93a1,Climber,life form,en
alien-flora-congo-checklist:taxon:6f2f1357e5120c46401a9feae0bbc174,America,native range,en
alien-flora-congo-checklist:taxon:6f2f1357e5120c46401a9feae0bbc174,Perennial herb,life form,en
alien-flora-congo-checklist:taxon:6f6182cce6ec9d001ff9bb711bc2b6f8,Multiple,native range,en
alien-flora-congo-checklist:taxon:6f6182cce6ec9d001ff9bb711bc2b6f8,Perennial herb,life form,en
alien-flora-congo-checklist:taxon:706c32f2a2814bbe9872221c059e123d,America,native range,en
alien-flora-congo-checklist:taxon:706c32f2a2814bbe9872221c059e123d,Shrub,life form,en
alien-flora-congo-checklist:taxon:706fc74cc406c3398c829e1868f6821f,America,native range,en
alien-flora-congo-checklist:taxon:706fc74cc406c3398c829e1868f6821f,Tree,life form,en
alien-flora-congo-checklist:taxon:7084c754917debe2a90fc456cda9e606,America,native range,en
alien-flora-congo-checklist:taxon:7084c754917debe2a90fc456cda9e606,Climber,life form,en
alien-flora-congo-checklist:taxon:709ff7cc176c72833692f9e65b286c54,America,native range,en
alien-flora-congo-checklist:taxon:709ff7cc176c72833692f9e65b286c54,Climber,life form,en
alien-flora-congo-checklist:taxon:7235c2fe5448e8b4a3f008c1e3c198d8,America,native range,en
alien-flora-congo-checklist:taxon:7235c2fe5448e8b4a3f008c1e3c198d8,Annual herb,life form,en
alien-flora-congo-checklist:taxon:724f8153e49dcc63ffa012bfce811151,Multiple,native range,en
alien-flora-congo-checklist:taxon:724f8153e49dcc63ffa012bfce811151,Annual herb,life form,en
alien-flora-congo-checklist:taxon:72d7a3fae63a78bf86f5aa6f72cdcc1b,America,native range,en
alien-flora-congo-checklist:taxon:72d7a3fae63a78bf86f5aa6f72cdcc1b,Annual herb,life form,en
alien-flora-congo-checklist:taxon:732f4e0d7945c392080940a0a157e76c,America,native range,en
alien-flora-congo-checklist:taxon:732f4e0d7945c392080940a0a157e76c,Annual herb,life form,en
alien-flora-congo-checklist:taxon:73e5e5941edee37b412d884c78559b52,America,native range,en
alien-flora-congo-checklist:taxon:73e5e5941edee37b412d884c78559b52,Tree,life form,en
alien-flora-congo-checklist:taxon:7455618a9f4087c2024f0f24e50f6ed2,Africa,native range,en
alien-flora-congo-checklist:taxon:7455618a9f4087c2024f0f24e50f6ed2,Climber,life form,en
alien-flora-congo-checklist:taxon:74c356e9fc121be7fbf93998c202ed0b,America,native range,en
alien-flora-congo-checklist:taxon:74c356e9fc121be7fbf93998c202ed0b,Annual herb,life form,en
alien-flora-congo-checklist:taxon:757bf6bfbbce0fe187dede0882c8c5f8,America,native range,en
alien-flora-congo-checklist:taxon:757bf6bfbbce0fe187dede0882c8c5f8,Perennial herb,life form,en
alien-flora-congo-checklist:taxon:7704fcf7cba73c66952d244c7d89c470,America,native range,en
alien-flora-congo-checklist:taxon:7704fcf7cba73c66952d244c7d89c470,Climber,life form,en
alien-flora-congo-checklist:taxon:781daca09f27430862d62ffc1c717e80,Asia,native range,en
alien-flora-congo-checklist:taxon:781daca09f27430862d62ffc1c717e80,Perennial herb,life form,en
alien-flora-congo-checklist:taxon:784b13e4791549e148e16ac2afeb30e6,Asia,native range,en
alien-flora-congo-checklist:taxon:784b13e4791549e148e16ac2afeb30e6,Tree,life form,en
alien-flora-congo-checklist:taxon:784d58e24e686586c41668d4e7a25c7f,America,native range,en
alien-flora-congo-checklist:taxon:784d58e24e686586c41668d4e7a25c7f,Shrub,life form,en
alien-flora-congo-checklist:taxon:7877feef008651a6514550e5843eac9d,America,native range,en
alien-flora-congo-checklist:taxon:7877feef008651a6514550e5843eac9d,Tree,life form,en
alien-flora-congo-checklist:taxon:791c620afd4322fcf15a02647c52cae0,America,native range,en
alien-flora-congo-checklist:taxon:791c620afd4322fcf15a02647c52cae0,Annual herb,life form,en
alien-flora-congo-checklist:taxon:7a0dfc6f24fb6d947435937754c34435,Africa,native range,en
alien-flora-congo-checklist:taxon:7a0dfc6f24fb6d947435937754c34435,Shrub,life form,en
alien-flora-congo-checklist:taxon:7a4fbd65fdb3b7ca4a200300b0218e86,America,native range,en
alien-flora-congo-checklist:taxon:7a4fbd65fdb3b7ca4a200300b0218e86,Perennial herb,life form,en
alien-flora-congo-checklist:taxon:7b397fbda2fee9c8af52c0a266a053d3,America,native range,en
alien-flora-congo-checklist:taxon:7b397fbda2fee9c8af52c0a266a053d3,Perennial herb,life form,en
alien-flora-congo-checklist:taxon:7b9cd39a7bd570784fe8567288c493da,America,native range,en
alien-flora-congo-checklist:taxon:7b9cd39a7bd570784fe8567288c493da,Tree,life form,en
alien-flora-congo-checklist:taxon:7c74e048871973df5bd7d7d0215043eb,Asia,native range,en
alien-flora-congo-checklist:taxon:7c74e048871973df5bd7d7d0215043eb,Shrub,life form,en
alien-flora-congo-checklist:taxon:7dbf73f462914d6455e30a13205fa19b,Asia,native range,en
alien-flora-congo-checklist:taxon:7dbf73f462914d6455e30a13205fa19b,Perennial herb,life form,en
alien-flora-congo-checklist:taxon:7e562831bc06acc42108b50b07038456,America,native range,en
alien-flora-congo-checklist:taxon:7e562831bc06acc42108b50b07038456,Perennial herb,life form,en
alien-flora-congo-checklist:taxon:7e6f6ded01657a8434d85317e70d9ee5,Multiple,native range,en
alien-flora-congo-checklist:taxon:7e6f6ded01657a8434d85317e70d9ee5,Annual herb,life form,en
alien-flora-congo-checklist:taxon:80405b7504fdc110ce7251965e5e6525,America,native range,en
alien-flora-congo-checklist:taxon:80405b7504fdc110ce7251965e5e6525,Perennial herb,life form,en
alien-flora-congo-checklist:taxon:80951af7b411d5a400e5558979a71ca7,America,native range,en
alien-flora-congo-checklist:taxon:80951af7b411d5a400e5558979a71ca7,Perennial herb,life form,en
alien-flora-congo-checklist:taxon:809fd33ed2ffa71fd2beef2e5434d013,Asia,native range,en
alien-flora-congo-checklist:taxon:809fd33ed2ffa71fd2beef2e5434d013,Perennial herb,life form,en
alien-flora-congo-checklist:taxon:80d38e418e9e4e5001b905ee8f71b9aa,Asia,native range,en
alien-flora-congo-checklist:taxon:80d38e418e9e4e5001b905ee8f71b9aa,Shrub,life form,en
alien-flora-congo-checklist:taxon:81419779e6bc322a68f83fcc1b40575f,America,native range,en
alien-flora-congo-checklist:taxon:81419779e6bc322a68f83fcc1b40575f,Shrub,life form,en
alien-flora-congo-checklist:taxon:81abc9c553e7b19b492da3c17cf42bb1,America,native range,en
alien-flora-congo-checklist:taxon:81abc9c553e7b19b492da3c17cf42bb1,Climber,life form,en
alien-flora-congo-checklist:taxon:833f10b5f6503853ca3f24d29131fa05,America,native range,en
alien-flora-congo-checklist:taxon:833f10b5f6503853ca3f24d29131fa05,Perennial herb,life form,en
alien-flora-congo-checklist:taxon:8361e05a1837b86ab07000cde9cbcb14,America,native range,en
alien-flora-congo-checklist:taxon:8361e05a1837b86ab07000cde9cbcb14,Perennial herb,life form,en
alien-flora-congo-checklist:taxon:837e3de41571f2b81efad51214009b56,Asia,native range,en
alien-flora-congo-checklist:taxon:837e3de41571f2b81efad51214009b56,Climber,life form,en
alien-flora-congo-checklist:taxon:839447155807db7d1c0f65176e5926e7,America,native range,en
alien-flora-congo-checklist:taxon:839447155807db7d1c0f65176e5926e7,Shrub,life form,en
alien-flora-congo-checklist:taxon:83c78ab95e72ce87790a89c2cb629a82,America,native range,en
alien-flora-congo-checklist:taxon:83c78ab95e72ce87790a89c2cb629a82,Annual herb,life form,en
alien-flora-congo-checklist:taxon:83ccac5844472d4936e6d2f3dc611840,America,native range,en
alien-flora-congo-checklist:taxon:83ccac5844472d4936e6d2f3dc611840,Perennial herb,life form,en
alien-flora-congo-checklist:taxon:8463efb46b18f23f89904f813724024e,America,native range,en
alien-flora-congo-checklist:taxon:8463efb46b18f23f89904f813724024e,Annual herb,life form,en
alien-flora-congo-checklist:taxon:84cebbccde771499463106b012af5cde,Asia,native range,en
alien-flora-congo-checklist:taxon:84cebbccde771499463106b012af5cde,Annual herb,life form,en
alien-flora-congo-checklist:taxon:853f7e88a18782783ab82e15d8ede9ef,America,native range,en
alien-flora-congo-checklist:taxon:853f7e88a18782783ab82e15d8ede9ef,Tree,life form,en
alien-flora-congo-checklist:taxon:85cb719a17bd3bcd9cccef542dfa62db,Asia,native range,en
alien-flora-congo-checklist:taxon:85cb719a17bd3bcd9cccef542dfa62db,Shrub,life form,en
alien-flora-congo-checklist:taxon:85d3d0ea167369c9057f825ca7cf62a9,Asia,native range,en
alien-flora-congo-checklist:taxon:85d3d0ea167369c9057f825ca7cf62a9,Tree,life form,en
alien-flora-congo-checklist:taxon:85d8cd5b76bbef24c0bb8f0df0d49bf6,America,native range,en
alien-flora-congo-checklist:taxon:85d8cd5b76bbef24c0bb8f0df0d49bf6,Shrub,life form,en
alien-flora-congo-checklist:taxon:86bff3ff623ecc093d0607334e62b35b,America,native range,en
alien-flora-congo-checklist:taxon:86bff3ff623ecc093d0607334e62b35b,Annual herb,life form,en
alien-flora-congo-checklist:taxon:876c8f5055dfe5ec154e9947adc4482b,Multiple,native range,en
alien-flora-congo-checklist:taxon:876c8f5055dfe5ec154e9947adc4482b,Annual herb,life form,en
alien-flora-congo-checklist:taxon:8847269ec10904bae4b3edf977506b90,America,native range,en
alien-flora-congo-checklist:taxon:8847269ec10904bae4b3edf977506b90,Shrub,life form,en
alien-flora-congo-checklist:taxon:89026cc73d8543a73dbc9dda7712fc6c,Multiple,native range,en
alien-flora-congo-checklist:taxon:89026cc73d8543a73dbc9dda7712fc6c,Annual herb,life form,en
alien-flora-congo-checklist:taxon:899ff781aa012952764d74a73a059cbf,America,native range,en
alien-flora-congo-checklist:taxon:899ff781aa012952764d74a73a059cbf,Shrub,life form,en
alien-flora-congo-checklist:taxon:8acc86712e2405e2443539ae8e9ff588,Multiple,native range,en
alien-flora-congo-checklist:taxon:8acc86712e2405e2443539ae8e9ff588,Climber,life form,en
alien-flora-congo-checklist:taxon:8c5c3d0ca2bdb99e12fb96adc80e31dc,America,native range,en
alien-flora-congo-checklist:taxon:8c5c3d0ca2bdb99e12fb96adc80e31dc,Climber,life form,en
alien-flora-congo-checklist:taxon:8c76111241abeff7980858d185b1da17,America,native range,en
alien-flora-congo-checklist:taxon:8c76111241abeff7980858d185b1da17,Shrub,life form,en
alien-flora-congo-checklist:taxon:8ded9fe68f064e92e8b56eb7d6bc6a19,America,native range,en
alien-flora-congo-checklist:taxon:8ded9fe68f064e92e8b56eb7d6bc6a19,Shrub,life form,en
alien-flora-congo-checklist:taxon:8df0a506ca843f97abbc8b0d5eee5cb1,Multiple,native range,en
alien-flora-congo-checklist:taxon:8df0a506ca843f97abbc8b0d5eee5cb1,Tree,life form,en
alien-flora-congo-checklist:taxon:8e95bfcd3b64b31a4ab6b71ccda3b86e,Multiple,native range,en
alien-flora-congo-checklist:taxon:8e95bfcd3b64b31a4ab6b71ccda3b86e,Annual herb,life form,en
alien-flora-congo-checklist:taxon:901a3fa12fd126be6a32a00557e02434,Asia,native range,en
alien-flora-congo-checklist:taxon:901a3fa12fd126be6a32a00557e02434,Perennial herb,life form,en
alien-flora-congo-checklist:taxon:9057bd8aab79cce03436c1e4ebb2589f,America,native range,en
alien-flora-congo-checklist:taxon:9057bd8aab79cce03436c1e4ebb2589f,Annual herb,life form,en
alien-flora-congo-checklist:taxon:92358f60c9d6cdf56e597adf662359cc,America,native range,en
alien-flora-congo-checklist:taxon:92358f60c9d6cdf56e597adf662359cc,Shrub,life form,en
alien-flora-congo-checklist:taxon:938ad633d297f705fa4a7d3d74353746,America,native range,en
alien-flora-congo-checklist:taxon:938ad633d297f705fa4a7d3d74353746,Annual herb,life form,en
alien-flora-congo-checklist:taxon:93f931dd180d4e253646f77edb650473,Europe,native range,en
alien-flora-congo-checklist:taxon:93f931dd180d4e253646f77edb650473,Annual herb,life form,en
alien-flora-congo-checklist:taxon:94e6206e5538f1d912128910bcd03ee2,America,native range,en
alien-flora-congo-checklist:taxon:94e6206e5538f1d912128910bcd03ee2,Tree,life form,en
alien-flora-congo-checklist:taxon:9587aaa57bc4c4f56883ab3c90917e67,Asia,native range,en
alien-flora-congo-checklist:taxon:9587aaa57bc4c4f56883ab3c90917e67,Annual herb,life form,en
alien-flora-congo-checklist:taxon:95dd3f1c8f1d84749406b66076a4a0d3,America,native range,en
alien-flora-congo-checklist:taxon:95dd3f1c8f1d84749406b66076a4a0d3,Annual herb,life form,en
alien-flora-congo-checklist:taxon:963ff76cc4a214cda5eb6c853ca3283a,America,native range,en
alien-flora-congo-checklist:taxon:963ff76cc4a214cda5eb6c853ca3283a,Shrub,life form,en
alien-flora-congo-checklist:taxon:9676dab3ea73ec9e5cf9a0e59521377e,Multiple,native range,en
alien-flora-congo-checklist:taxon:9676dab3ea73ec9e5cf9a0e59521377e,Annual herb,life form,en
alien-flora-congo-checklist:taxon:98267c0c8a3a1a3f1b37d8d55cff6b02,Africa,native range,en
alien-flora-congo-checklist:taxon:98267c0c8a3a1a3f1b37d8d55cff6b02,Shrub,life form,en
alien-flora-congo-checklist:taxon:982d9405bfbba575cbb28ce720480066,Multiple,native range,en
alien-flora-congo-checklist:taxon:982d9405bfbba575cbb28ce720480066,Annual herb,life form,en
alien-flora-congo-checklist:taxon:99c4299c5f70600b2df1afc197069b88,America,native range,en
alien-flora-congo-checklist:taxon:99c4299c5f70600b2df1afc197069b88,Annual herb,life form,en
alien-flora-congo-checklist:taxon:9a46d86bebb783c1395fd8279dc385f8,Asia,native range,en
alien-flora-congo-checklist:taxon:9a46d86bebb783c1395fd8279dc385f8,Annual herb,life form,en
alien-flora-congo-checklist:taxon:9bb3ae710de7de798b3a94260e18ac85,Asia,native range,en
alien-flora-congo-checklist:taxon:9bb3ae710de7de798b3a94260e18ac85,Perennial herb,life form,en
alien-flora-congo-checklist:taxon:9d1924c5609ec725a7a0eab368deb834,America,native range,en
alien-flora-congo-checklist:taxon:9d1924c5609ec725a7a0eab368deb834,Annual herb,life form,en
alien-flora-congo-checklist:taxon:9d809e2ba419ae4eaea7f32b16463413,America,native range,en
alien-flora-congo-checklist:taxon:9d809e2ba419ae4eaea7f32b16463413,Climber,life form,en
alien-flora-congo-checklist:taxon:9d84e793f5c4e7e2f4b473a3489b7046,America,native range,en
alien-flora-congo-checklist:taxon:9d84e793f5c4e7e2f4b473a3489b7046,Climber,life form,en
alien-flora-congo-checklist:taxon:9dccf6898c1d294eb376c03d66248965,Asia,native range,en
alien-flora-congo-checklist:taxon:9dccf6898c1d294eb376c03d66248965,Tree,life form,en
alien-flora-congo-checklist:taxon:9e80e82d9f1b52ab651dc078e16ce877,America,native range,en
alien-flora-congo-checklist:taxon:9e80e82d9f1b52ab651dc078e16ce877,Perennial herb,life form,en
alien-flora-congo-checklist:taxon:9ee0be1075aba40a9198f93189c3c68c,America,native range,en
alien-flora-congo-checklist:taxon:9ee0be1075aba40a9198f93189c3c68c,Perennial herb,life form,en
alien-flora-congo-checklist:taxon:9ef4c4bce11cc776d850ec176af0615d,Asia,native range,en
alien-flora-congo-checklist:taxon:9ef4c4bce11cc776d850ec176af0615d,Climber,life form,en
alien-flora-congo-checklist:taxon:9f417f6d8239683692582700d883ba64,America,native range,en
alien-flora-congo-checklist:taxon:9f417f6d8239683692582700d883ba64,Annual herb,life form,en
alien-flora-congo-checklist:taxon:9f7a2dabdcbfa351fb2663a6f86fc6cf,America,native range,en
alien-flora-congo-checklist:taxon:9f7a2dabdcbfa351fb2663a6f86fc6cf,Climber,life form,en
alien-flora-congo-checklist:taxon:9fff483513b643dd5db6c084cd595ad0,America,native range,en
alien-flora-congo-checklist:taxon:9fff483513b643dd5db6c084cd595ad0,Annual herb,life form,en
alien-flora-congo-checklist:taxon:a0e7740ebad926b2e15632e679026172,Asia,native range,en
alien-flora-congo-checklist:taxon:a0e7740ebad926b2e15632e679026172,Annual herb,life form,en
alien-flora-congo-checklist:taxon:a23e093c3bdf5502e993793d2ac97e73,America,native range,en
alien-flora-congo-checklist:taxon:a23e093c3bdf5502e993793d2ac97e73,Annual herb,life form,en
alien-flora-congo-checklist:taxon:a2b9f73e72cba0fa64232cb8b33d4c95,America,native range,en
alien-flora-congo-checklist:taxon:a2b9f73e72cba0fa64232cb8b33d4c95,Shrub,life form,en
alien-flora-congo-checklist:taxon:a2d99a012728451223ad2d3a7e90ec70,America,native range,en
alien-flora-congo-checklist:taxon:a2d99a012728451223ad2d3a7e90ec70,Tree,life form,en
alien-flora-congo-checklist:taxon:a400f4e6d7592903135e1661bbbd8bfc,America,native range,en
alien-flora-congo-checklist:taxon:a400f4e6d7592903135e1661bbbd8bfc,Annual herb,life form,en
alien-flora-congo-checklist:taxon:a445a05d6b8c087d4380d73e3a2b22b2,America,native range,en
alien-flora-congo-checklist:taxon:a445a05d6b8c087d4380d73e3a2b22b2,Annual herb,life form,en
alien-flora-congo-checklist:taxon:a6138e9c48f21ef53020e9b82fc3da84,America,native range,en
alien-flora-congo-checklist:taxon:a6138e9c48f21ef53020e9b82fc3da84,Climber,life form,en
alien-flora-congo-checklist:taxon:a788d527898abef34219ca54af5d8d73,America,native range,en
alien-flora-congo-checklist:taxon:a788d527898abef34219ca54af5d8d73,Shrub,life form,en
alien-flora-congo-checklist:taxon:a7ad66b67f8bfff2b6acb806bbe9332e,America,native range,en
alien-flora-congo-checklist:taxon:a7ad66b67f8bfff2b6acb806bbe9332e,Annual herb,life form,en
alien-flora-congo-checklist:taxon:a871c89eb405edc707aeb5d2cb1f10cb,America,native range,en
alien-flora-congo-checklist:taxon:a871c89eb405edc707aeb5d2cb1f10cb,Annual herb,life form,en
alien-flora-congo-checklist:taxon:a9058e58f700bb27aadc75b3176912c2,America,native range,en
alien-flora-congo-checklist:taxon:a9058e58f700bb27aadc75b3176912c2,Shrub,life form,en
alien-flora-congo-checklist:taxon:a9cd9041e79df88a32e3a69cf9feedac,America,native range,en
alien-flora-congo-checklist:taxon:a9cd9041e79df88a32e3a69cf9feedac,Shrub,life form,en
alien-flora-congo-checklist:taxon:a9f3314b4b7c0e9331d8ab305c9511ab,America,native range,en
alien-flora-congo-checklist:taxon:a9f3314b4b7c0e9331d8ab305c9511ab,Perennial herb,life form,en
alien-flora-congo-checklist:taxon:aa402bd89e4aa5f863b7e3023e476869,Asia,native range,en
alien-flora-congo-checklist:taxon:aa402bd89e4aa5f863b7e3023e476869,Shrub,life form,en
alien-flora-congo-checklist:taxon:aa570f1b4a8734edd39819124462a2cb,America,native range,en
alien-flora-congo-checklist:taxon:aa570f1b4a8734edd39819124462a2cb,Annual herb,life form,en
alien-flora-congo-checklist:taxon:aabcd18db17d55405d4a47983ae09422,America,native range,en
alien-flora-congo-checklist:taxon:aabcd18db17d55405d4a47983ae09422,Annual herb,life form,en
alien-flora-congo-checklist:taxon:ab7f3c1f3e6df844671cc02e34258c01,America,native range,en
alien-flora-congo-checklist:taxon:ab7f3c1f3e6df844671cc02e34258c01,Climber,life form,en
alien-flora-congo-checklist:taxon:ac7b8147b9caf8082047fefc93d3119e,America,native range,en
alien-flora-congo-checklist:taxon:ac7b8147b9caf8082047fefc93d3119e,Annual herb,life form,en
alien-flora-congo-checklist:taxon:accbe8b88ebe84b393223dacd975f0da,America,native range,en
alien-flora-congo-checklist:taxon:accbe8b88ebe84b393223dacd975f0da,Shrub,life form,en
alien-flora-congo-checklist:taxon:adf2b9abf128885dd2cf6aa9f960e3a1,Asia,native range,en
alien-flora-congo-checklist:taxon:adf2b9abf128885dd2cf6aa9f960e3a1,Perennial herb,life form,en
alien-flora-congo-checklist:taxon:af0b7d58d273006b2131cd830a25f508,America,native range,en
alien-flora-congo-checklist:taxon:af0b7d58d273006b2131cd830a25f508,Annual herb,life form,en
alien-flora-congo-checklist:taxon:b080e7de6ac4e56708e42f198010d4c4,America,native range,en
alien-flora-congo-checklist:taxon:b080e7de6ac4e56708e42f198010d4c4,Annual herb,life form,en
alien-flora-congo-checklist:taxon:b0f00537a6d922092c064ee005f21ce5,America,native range,en
alien-flora-congo-checklist:taxon:b0f00537a6d922092c064ee005f21ce5,Annual herb,life form,en
alien-flora-congo-checklist:taxon:b2915d5e332ce3b942f42408f8d92ab2,Multiple,native range,en
alien-flora-congo-checklist:taxon:b2915d5e332ce3b942f42408f8d92ab2,Annual herb,life form,en
alien-flora-congo-checklist:taxon:b34b1e00d73ff0265cb49d598b580f92,America,native range,en
alien-flora-congo-checklist:taxon:b34b1e00d73ff0265cb49d598b580f92,Perennial herb,life form,en
alien-flora-congo-checklist:taxon:b3568dfd8e5497b157790499671e2467,America,native range,en
alien-flora-congo-checklist:taxon:b3568dfd8e5497b157790499671e2467,Annual herb,life form,en
alien-flora-congo-checklist:taxon:b3abe95cd156073afdab00cebc3fdf78,America,native range,en
alien-flora-congo-checklist:taxon:b3abe95cd156073afdab00cebc3fdf78,Perennial herb,life form,en
alien-flora-congo-checklist:taxon:b3b517eb849a9d922b0bf9dc975f6624,Multiple,native range,en
alien-flora-congo-checklist:taxon:b3b517eb849a9d922b0bf9dc975f6624,Annual herb,life form,en
alien-flora-congo-checklist:taxon:b3d8eda83a2b1d425956e531eb40b9a4,America,native range,en
alien-flora-congo-checklist:taxon:b3d8eda83a2b1d425956e531eb40b9a4,Annual herb,life form,en
alien-flora-congo-checklist:taxon:b3e00935ce91c3f3ce7608efe1ff84da,America,native range,en
alien-flora-congo-checklist:taxon:b3e00935ce91c3f3ce7608efe1ff84da,Annual herb,life form,en
alien-flora-congo-checklist:taxon:b448a3c9fe21385494078ea37bf9bfa0,America,native range,en
alien-flora-congo-checklist:taxon:b448a3c9fe21385494078ea37bf9bfa0,Climber,life form,en
alien-flora-congo-checklist:taxon:b4b6c54965ef59246c09ef7fd66555fb,America,native range,en
alien-flora-congo-checklist:taxon:b4b6c54965ef59246c09ef7fd66555fb,Climber,life form,en
alien-flora-congo-checklist:taxon:b4db94049cc3fe32365a05084e632ccc,America,native range,en
alien-flora-congo-checklist:taxon:b4db94049cc3fe32365a05084e632ccc,Tree,life form,en
alien-flora-congo-checklist:taxon:b587d8e40eb56870b42921e75330179a,America,native range,en
alien-flora-congo-checklist:taxon:b587d8e40eb56870b42921e75330179a,Climber,life form,en
alien-flora-congo-checklist:taxon:b5b1c1347d97a852c5bc7f0914c5e1de,Multiple,native range,en
alien-flora-congo-checklist:taxon:b5b1c1347d97a852c5bc7f0914c5e1de,Shrub,life form,en
alien-flora-congo-checklist:taxon:b5d5e99d9f36428dbebf20c0ce3e5825,America,native range,en
alien-flora-congo-checklist:taxon:b5d5e99d9f36428dbebf20c0ce3e5825,Perennial herb,life form,en
alien-flora-congo-checklist:taxon:b66fb338de219e428418f780c83f04c4,America,native range,en
alien-flora-congo-checklist:taxon:b66fb338de219e428418f780c83f04c4,Annual herb,life form,en
alien-flora-congo-checklist:taxon:b89fe25887ce7bf5a1e841e321496ddb,America,native range,en
alien-flora-congo-checklist:taxon:b89fe25887ce7bf5a1e841e321496ddb,Perennial herb,life form,en
alien-flora-congo-checklist:taxon:b8b1294305d3efaff37ce1cd085b778b,Asia,native range,en
alien-flora-congo-checklist:taxon:b8b1294305d3efaff37ce1cd085b778b,Shrub,life form,en
alien-flora-congo-checklist:taxon:b8f0ef546e51691561a92806fb33ed45,Multiple,native range,en
alien-flora-congo-checklist:taxon:b8f0ef546e51691561a92806fb33ed45,Aquatic,life form,en
alien-flora-congo-checklist:taxon:b94def665f4a8ed40acfc718bc6f176f,America,native range,en
alien-flora-congo-checklist:taxon:b94def665f4a8ed40acfc718bc6f176f,Annual herb,life form,en
alien-flora-congo-checklist:taxon:baae497ca6bcedb4408fbce3e9716f68,Multiple,native range,en
alien-flora-congo-checklist:taxon:baae497ca6bcedb4408fbce3e9716f68,Annual herb,life form,en
alien-flora-congo-checklist:taxon:bac5a3870db1d9cfef68cf98fcc66027,America,native range,en
alien-flora-congo-checklist:taxon:bac5a3870db1d9cfef68cf98fcc66027,Shrub,life form,en
alien-flora-congo-checklist:taxon:bb7d7394022f5694abdc0d5c2c2cbacd,Oceania,native range,en
alien-flora-congo-checklist:taxon:bb7d7394022f5694abdc0d5c2c2cbacd,Shrub,life form,en
alien-flora-congo-checklist:taxon:bc5226da858c8cd7b1891a3ee884617a,America,native range,en
alien-flora-congo-checklist:taxon:bc5226da858c8cd7b1891a3ee884617a,Annual herb,life form,en
alien-flora-congo-checklist:taxon:be3f2597aea1f48c779077e8e25de989,America,native range,en
alien-flora-congo-checklist:taxon:be3f2597aea1f48c779077e8e25de989,Shrub,life form,en
alien-flora-congo-checklist:taxon:be73f3c56fe0180114ba51bbc89ebce0,America,native range,en
alien-flora-congo-checklist:taxon:be73f3c56fe0180114ba51bbc89ebce0,Shrub,life form,en
alien-flora-congo-checklist:taxon:bfa8cc2692c7f7137627c7740be27add,Asia,native range,en
alien-flora-congo-checklist:taxon:bfa8cc2692c7f7137627c7740be27add,Tree,life form,en
alien-flora-congo-checklist:taxon:bfab6b52ec440134b83f65daf972fd00,Asia,native range,en
alien-flora-congo-checklist:taxon:bfab6b52ec440134b83f65daf972fd00,Shrub,life form,en
alien-flora-congo-checklist:taxon:c006f5475b1f6ca2f026ee48680ddd9e,America,native range,en
alien-flora-congo-checklist:taxon:c006f5475b1f6ca2f026ee48680ddd9e,Annual herb,life form,en
alien-flora-congo-checklist:taxon:c0ced183e31b061435daf69f19b71bbd,America,native range,en
alien-flora-congo-checklist:taxon:c0ced183e31b061435daf69f19b71bbd,Annual herb,life form,en
alien-flora-congo-checklist:taxon:c175e08f05822c0c5d8471537040b30e,Asia,native range,en
alien-flora-congo-checklist:taxon:c175e08f05822c0c5d8471537040b30e,Annual herb,life form,en
alien-flora-congo-checklist:taxon:c1d69525c98af518e4612130154762fa,America,native range,en
alien-flora-congo-checklist:taxon:c1d69525c98af518e4612130154762fa,Perennial herb,life form,en
alien-flora-congo-checklist:taxon:c3087e87ca5a4a5c83a04fd3f3c0062f,America,native range,en
alien-flora-congo-checklist:taxon:c3087e87ca5a4a5c83a04fd3f3c0062f,Perennial herb,life form,en
alien-flora-congo-checklist:taxon:c4152a5bbee1a629b7c0584feaf84b33,America,native range,en
alien-flora-congo-checklist:taxon:c4152a5bbee1a629b7c0584feaf84b33,Shrub,life form,en
alien-flora-congo-checklist:taxon:c4b0a0e31371223dfdc0e5c0b3502ce3,America,native range,en
alien-flora-congo-checklist:taxon:c4b0a0e31371223dfdc0e5c0b3502ce3,Annual herb,life form,en
alien-flora-congo-checklist:taxon:c4ff02cefb8531dad06fee1874785077,America,native range,en
alien-flora-congo-checklist:taxon:c4ff02cefb8531dad06fee1874785077,Perennial herb,life form,en
alien-flora-congo-checklist:taxon:c60caf2463b5989d555b2c4aeeeeef91,Asia,native range,en
alien-flora-congo-checklist:taxon:c60caf2463b5989d555b2c4aeeeeef91,Shrub,life form,en
alien-flora-congo-checklist:taxon:c67023e4c26d89c24a6deab0e026da7a,America,native range,en
alien-flora-congo-checklist:taxon:c67023e4c26d89c24a6deab0e026da7a,Annual herb,life form,en
alien-flora-congo-checklist:taxon:c72702581fa96537cd6ebc522f38fb38,America,native range,en
alien-flora-congo-checklist:taxon:c72702581fa96537cd6ebc522f38fb38,Perennial herb,life form,en
alien-flora-congo-checklist:taxon:c86edf9688b1cc083c8479a1821279bc,America,native range,en
alien-flora-congo-checklist:taxon:c86edf9688b1cc083c8479a1821279bc,Annual herb,life form,en
alien-flora-congo-checklist:taxon:ca00780f2b7e217d785ecb8e693ec2dc,America,native range,en
alien-flora-congo-checklist:taxon:ca00780f2b7e217d785ecb8e693ec2dc,Climber,life form,en
alien-flora-congo-checklist:taxon:caa68547c68bbd5989e168d87095396b,America,native range,en
alien-flora-congo-checklist:taxon:caa68547c68bbd5989e168d87095396b,Annual herb,life form,en
alien-flora-congo-checklist:taxon:cd482474ee8be3403968771167c36080,America,native range,en
alien-flora-congo-checklist:taxon:cd482474ee8be3403968771167c36080,Perennial herb,life form,en
alien-flora-congo-checklist:taxon:cd843c31448b4a53180bf6a752ecc5b7,America,native range,en
alien-flora-congo-checklist:taxon:cd843c31448b4a53180bf6a752ecc5b7,Climber,life form,en
alien-flora-congo-checklist:taxon:ce4eb2d49ed4e96e73cd130f1e935c29,America,native range,en
alien-flora-congo-checklist:taxon:ce4eb2d49ed4e96e73cd130f1e935c29,Shrub,life form,en
alien-flora-congo-checklist:taxon:cf303a597aded9db764eac31ee42cab3,America,native range,en
alien-flora-congo-checklist:taxon:cf303a597aded9db764eac31ee42cab3,Annual herb,life form,en
alien-flora-congo-checklist:taxon:cf42c86ee1e47877106023833a67db60,America,native range,en
alien-flora-congo-checklist:taxon:cf42c86ee1e47877106023833a67db60,Shrub,life form,en
alien-flora-congo-checklist:taxon:cfac5215daa5311f8c724ca977d0fe29,America,native range,en
alien-flora-congo-checklist:taxon:cfac5215daa5311f8c724ca977d0fe29,Perennial herb,life form,en
alien-flora-congo-checklist:taxon:d07c7abc32f6b7dc0c6003c1713cf4ec,America,native range,en
alien-flora-congo-checklist:taxon:d07c7abc32f6b7dc0c6003c1713cf4ec,Shrub,life form,en
alien-flora-congo-checklist:taxon:d2457bc79622bfaec3aeae6b5af91dae,Multiple,native range,en
alien-flora-congo-checklist:taxon:d2457bc79622bfaec3aeae6b5af91dae,Tree,life form,en
alien-flora-congo-checklist:taxon:d2697b3a7a891b84343ddb10c4e36616,Asia,native range,en
alien-flora-congo-checklist:taxon:d2697b3a7a891b84343ddb10c4e36616,Annual herb,life form,en
alien-flora-congo-checklist:taxon:d44197ab3eaa38bdb90607781d8dc468,America,native range,en
alien-flora-congo-checklist:taxon:d44197ab3eaa38bdb90607781d8dc468,Perennial herb,life form,en
alien-flora-congo-checklist:taxon:d4baad07ebd0c2e3a0092cb9d68b9041,America,native range,en
alien-flora-congo-checklist:taxon:d4baad07ebd0c2e3a0092cb9d68b9041,Annual herb,life form,en
alien-flora-congo-checklist:taxon:d4c3c1cede7615b996db4c380e42671b,America,native range,en
alien-flora-congo-checklist:taxon:d4c3c1cede7615b996db4c380e42671b,Annual herb,life form,en
alien-flora-congo-checklist:taxon:d5a1bd8442f3389a169965f40ec69dc1,America,native range,en
alien-flora-congo-checklist:taxon:d5a1bd8442f3389a169965f40ec69dc1,Annual herb,life form,en
alien-flora-congo-checklist:taxon:d608445dd4a5a508c242d0006ae0f1b6,America,native range,en
alien-flora-congo-checklist:taxon:d608445dd4a5a508c242d0006ae0f1b6,Annual herb,life form,en
alien-flora-congo-checklist:taxon:d688e4b88fa5d3f550c6083dccd771dc,America,native range,en
alien-flora-congo-checklist:taxon:d688e4b88fa5d3f550c6083dccd771dc,Shrub,life form,en
alien-flora-congo-checklist:taxon:d6e9fead0be0861a3e28196abe5ffe34,America,native range,en
alien-flora-congo-checklist:taxon:d6e9fead0be0861a3e28196abe5ffe34,Perennial herb,life form,en
alien-flora-congo-checklist:taxon:d70f4684182092528439d0cc4a08edc9,Asia,native range,en
alien-flora-congo-checklist:taxon:d70f4684182092528439d0cc4a08edc9,Annual herb,life form,en
alien-flora-congo-checklist:taxon:d75532adf308cb3b8c0e7881c10613b8,America,native range,en
alien-flora-congo-checklist:taxon:d75532adf308cb3b8c0e7881c10613b8,Perennial herb,life form,en
alien-flora-congo-checklist:taxon:d76ca1ca189e43c83a7b75e0eae2f50b,America,native range,en
alien-flora-congo-checklist:taxon:d76ca1ca189e43c83a7b75e0eae2f50b,Climber,life form,en
alien-flora-congo-checklist:taxon:d7838f2b2b05db8820c35237226ec72c,America,native range,en
alien-flora-congo-checklist:taxon:d7838f2b2b05db8820c35237226ec72c,Annual herb,life form,en
alien-flora-congo-checklist:taxon:d80ce3238c4364192a36be6a1bbfc6eb,Africa,native range,en
alien-flora-congo-checklist:taxon:d80ce3238c4364192a36be6a1bbfc6eb,Annual herb,life form,en
alien-flora-congo-checklist:taxon:d815dbae922a6bf6f0812f89e77b225c,Asia,native range,en
alien-flora-congo-checklist:taxon:d815dbae922a6bf6f0812f89e77b225c,Annual herb,life form,en
alien-flora-congo-checklist:taxon:d8a62bfbab3cf860dd3b309d971a9d9a,America,native range,en
alien-flora-congo-checklist:taxon:d8a62bfbab3cf860dd3b309d971a9d9a,Annual herb,life form,en
alien-flora-congo-checklist:taxon:d9add5904eaf7a3ac8af87b271c074aa,Africa,native range,en
alien-flora-congo-checklist:taxon:d9add5904eaf7a3ac8af87b271c074aa,Annual herb,life form,en
alien-flora-congo-checklist:taxon:d9be4c2f4d57cf5837993d0f730f18b9,Africa,native range,en
alien-flora-congo-checklist:taxon:d9be4c2f4d57cf5837993d0f730f18b9,Annual herb,life form,en
alien-flora-congo-checklist:taxon:d9ce124fabb486e11ef446947c61cb98,America,native range,en
alien-flora-congo-checklist:taxon:d9ce124fabb486e11ef446947c61cb98,Shrub,life form,en
alien-flora-congo-checklist:taxon:d9dc1a77c9a435f4e246182b189a0470,Multiple,native range,en
alien-flora-congo-checklist:taxon:d9dc1a77c9a435f4e246182b189a0470,Annual herb,life form,en
alien-flora-congo-checklist:taxon:da5d8a5947586b0b56b9a0d6f292b9eb,Asia,native range,en
alien-flora-congo-checklist:taxon:da5d8a5947586b0b56b9a0d6f292b9eb,Annual herb,life form,en
alien-flora-congo-checklist:taxon:da69dd6704155f8084c7d218b801c9a7,America,native range,en
alien-flora-congo-checklist:taxon:da69dd6704155f8084c7d218b801c9a7,Perennial herb,life form,en
alien-flora-congo-checklist:taxon:da6ed8533c4d46403fefe7a4a21115c3,Multiple,native range,en
alien-flora-congo-checklist:taxon:da6ed8533c4d46403fefe7a4a21115c3,Annual herb,life form,en
alien-flora-congo-checklist:taxon:db4bff83816878d8c91683253a5103a8,America,native range,en
alien-flora-congo-checklist:taxon:db4bff83816878d8c91683253a5103a8,Tree,life form,en
alien-flora-congo-checklist:taxon:db5d39f13e0f017cc14003b6c7202975,Multiple,native range,en
alien-flora-congo-checklist:taxon:db5d39f13e0f017cc14003b6c7202975,Annual herb,life form,en
alien-flora-congo-checklist:taxon:db6f1955c9a81a979377c074595d3067,America,native range,en
alien-flora-congo-checklist:taxon:db6f1955c9a81a979377c074595d3067,Annual herb,life form,en
alien-flora-congo-checklist:taxon:dbd11e498de1f3379676cfc76fb70262,Oceania,native range,en
alien-flora-congo-checklist:taxon:dbd11e498de1f3379676cfc76fb70262,Perennial herb,life form,en
alien-flora-congo-checklist:taxon:dc6c1a359facd6190f7be3167049f052,America,native range,en
alien-flora-congo-checklist:taxon:dc6c1a359facd6190f7be3167049f052,Annual herb,life form,en
alien-flora-congo-checklist:taxon:dc87ed64197f035d2c9b8e1f5f7514bb,America,native range,en
alien-flora-congo-checklist:taxon:dc87ed64197f035d2c9b8e1f5f7514bb,Perennial herb,life form,en
alien-flora-congo-checklist:taxon:dcae9cf37d09bf9ee07980676b0c53b1,America,native range,en
alien-flora-congo-checklist:taxon:dcae9cf37d09bf9ee07980676b0c53b1,Climber,life form,en
alien-flora-congo-checklist:taxon:dd53985cc48feef5a4377b8ce89fc9d0,America,native range,en
alien-flora-congo-checklist:taxon:dd53985cc48feef5a4377b8ce89fc9d0,Annual herb,life form,en
alien-flora-congo-checklist:taxon:de2937e56e52bcef65989ef2cecfcf03,Multiple,native range,en
alien-flora-congo-checklist:taxon:de2937e56e52bcef65989ef2cecfcf03,Annual herb,life form,en
alien-flora-congo-checklist:taxon:de3b54e5e63b812a6e0f7a891cda1775,Africa,native range,en
alien-flora-congo-checklist:taxon:de3b54e5e63b812a6e0f7a891cda1775,Annual herb,life form,en
alien-flora-congo-checklist:taxon:deefa5f1a98f4c54ab36927e6d8f838e,America,native range,en
alien-flora-congo-checklist:taxon:deefa5f1a98f4c54ab36927e6d8f838e,Tree,life form,en
alien-flora-congo-checklist:taxon:e08e83cabad0fb4ddace4ee952a3a91e,America,native range,en
alien-flora-congo-checklist:taxon:e08e83cabad0fb4ddace4ee952a3a91e,Annual herb,life form,en
alien-flora-congo-checklist:taxon:e2119094b734018329d5890d390754b7,Asia,native range,en
alien-flora-congo-checklist:taxon:e2119094b734018329d5890d390754b7,Tree,life form,en
alien-flora-congo-checklist:taxon:e21916f324fc18dc96d90ad380f348a8,America,native range,en
alien-flora-congo-checklist:taxon:e21916f324fc18dc96d90ad380f348a8,Perennial herb,life form,en
alien-flora-congo-checklist:taxon:e25ebdd26cb3b7631f039fef9ad2811b,Asia,native range,en
alien-flora-congo-checklist:taxon:e25ebdd26cb3b7631f039fef9ad2811b,Annual herb,life form,en
alien-flora-congo-checklist:taxon:e30938399d2ca68699844e9184799fc6,America,native range,en
alien-flora-congo-checklist:taxon:e30938399d2ca68699844e9184799fc6,Perennial herb,life form,en
alien-flora-congo-checklist:taxon:e31de345461b845e6956d8c93f0cb1ce,America,native range,en
alien-flora-congo-checklist:taxon:e31de345461b845e6956d8c93f0cb1ce,Annual herb,life form,en
alien-flora-congo-checklist:taxon:e3653fec33e584d3448a3739b8866670,America,native range,en
alien-flora-congo-checklist:taxon:e3653fec33e584d3448a3739b8866670,Annual herb,life form,en
alien-flora-congo-checklist:taxon:e3a7ca864903fa9ae019def3c57ab4e3,America,native range,en
alien-flora-congo-checklist:taxon:e3a7ca864903fa9ae019def3c57ab4e3,Perennial herb,life form,en
alien-flora-congo-checklist:taxon:e3d4ea100101cb417c13d3f72e037121,Africa,native range,en
alien-flora-congo-checklist:taxon:e3d4ea100101cb417c13d3f72e037121,Climber,life form,en
alien-flora-congo-checklist:taxon:e48728b255acb74c5974a9dbd5531db0,America,native range,en
alien-flora-congo-checklist:taxon:e48728b255acb74c5974a9dbd5531db0,Climber,life form,en
alien-flora-congo-checklist:taxon:e60013bda6c618a8081d3a4deb9e41b8,Asia,native range,en
alien-flora-congo-checklist:taxon:e60013bda6c618a8081d3a4deb9e41b8,Annual herb,life form,en
alien-flora-congo-checklist:taxon:e60529cc2a2ebc0f96b3c6bb6362f634,America,native range,en
alien-flora-congo-checklist:taxon:e60529cc2a2ebc0f96b3c6bb6362f634,Annual herb,life form,en
alien-flora-congo-checklist:taxon:e6097e243e9a9a7a6f34a47e1ba88a9b,America,native range,en
alien-flora-congo-checklist:taxon:e6097e243e9a9a7a6f34a47e1ba88a9b,Climber,life form,en
alien-flora-congo-checklist:taxon:e74acf8609cfb7c491c5a925fa21985e,America,native range,en
alien-flora-congo-checklist:taxon:e74acf8609cfb7c491c5a925fa21985e,Climber,life form,en
alien-flora-congo-checklist:taxon:e7721a219e56c8768a871f5437574e23,Asia,native range,en
alien-flora-congo-checklist:taxon:e7721a219e56c8768a871f5437574e23,Perennial herb,life form,en
alien-flora-congo-checklist:taxon:e791c6cbdaddeb4a308d201da5dc108c,Multiple,native range,en
alien-flora-congo-checklist:taxon:e791c6cbdaddeb4a308d201da5dc108c,Tree,life form,en
alien-flora-congo-checklist:taxon:e7f10d301adedb950b18d7d17d841fa7,America,native range,en
alien-flora-congo-checklist:taxon:e7f10d301adedb950b18d7d17d841fa7,Perennial herb,life form,en
alien-flora-congo-checklist:taxon:e85e186db1a36c83bb5fba1b47f6d5f2,Asia,native range,en
alien-flora-congo-checklist:taxon:e85e186db1a36c83bb5fba1b47f6d5f2,Annual herb,life form,en
alien-flora-congo-checklist:taxon:e937db05e53e742fe4085081b6adb031,America,native range,en
alien-flora-congo-checklist:taxon:e937db05e53e742fe4085081b6adb031,Perennial herb,life form,en
alien-flora-congo-checklist:taxon:eaa85dcc738a5277e3b5400dad2d35ee,America,native range,en
alien-flora-congo-checklist:taxon:eaa85dcc738a5277e3b5400dad2d35ee,Perennial herb,life form,en
alien-flora-congo-checklist:taxon:ebbbccf2310e50cfab3a20a1834f6377,America,native range,en
alien-flora-congo-checklist:taxon:ebbbccf2310e50cfab3a20a1834f6377,Annual herb,life form,en
alien-flora-congo-checklist:taxon:ecc796f1376da40cf0a560efc63c7ab7,Asia,native range,en
alien-flora-congo-checklist:taxon:ecc796f1376da40cf0a560efc63c7ab7,Annual herb,life form,en
alien-flora-congo-checklist:taxon:ecea8ea24d51f13fb80e69f2c349c39b,America,native range,en
alien-flora-congo-checklist:taxon:ecea8ea24d51f13fb80e69f2c349c39b,Annual herb,life form,en
alien-flora-congo-checklist:taxon:ed3387831bff714ec6bbfb8602a154b2,Asia,native range,en
alien-flora-congo-checklist:taxon:ed3387831bff714ec6bbfb8602a154b2,Climber,life form,en
alien-flora-congo-checklist:taxon:ed48bea616f8bcc2ef56fa0091bdeb0e,America,native range,en
alien-flora-congo-checklist:taxon:ed48bea616f8bcc2ef56fa0091bdeb0e,Shrub,life form,en
alien-flora-congo-checklist:taxon:ed4e4df35dadb46996f38b614da21f65,America,native range,en
alien-flora-congo-checklist:taxon:ed4e4df35dadb46996f38b614da21f65,Aquatic,life form,en
alien-flora-congo-checklist:taxon:ee82e7f440b4db8978b5dc76c4a62b98,America,native range,en
alien-flora-congo-checklist:taxon:ee82e7f440b4db8978b5dc76c4a62b98,Perennial herb,life form,en
alien-flora-congo-checklist:taxon:eefea6fd012ff3d75e11e88cea2c8f24,America,native range,en
alien-flora-congo-checklist:taxon:eefea6fd012ff3d75e11e88cea2c8f24,Shrub,life form,en
alien-flora-congo-checklist:taxon:f12af88efd139087e772b05c374f75c5,America,native range,en
alien-flora-congo-checklist:taxon:f12af88efd139087e772b05c374f75c5,Shrub,life form,en
alien-flora-congo-checklist:taxon:f1955f58cd8ded2c69d02b06cd2dabc0,Multiple,native range,en
alien-flora-congo-checklist:taxon:f1955f58cd8ded2c69d02b06cd2dabc0,Perennial herb,life form,en
alien-flora-congo-checklist:taxon:f308ff09d406706e7aee159a0d21607c,Asia,native range,en
alien-flora-congo-checklist:taxon:f308ff09d406706e7aee159a0d21607c,Shrub,life form,en
alien-flora-congo-checklist:taxon:f3ed3057738b3d0afcc0f7630d138b58,Africa,native range,en
alien-flora-congo-checklist:taxon:f3ed3057738b3d0afcc0f7630d138b58,Perennial herb,life form,en
alien-flora-congo-checklist:taxon:f56a097f7fa0ec267ea8ef6cc2bbe19c,America,native range,en
alien-flora-congo-checklist:taxon:f56a097f7fa0ec267ea8ef6cc2bbe19c,Climber,life form,en
alien-flora-congo-checklist:taxon:f57ff74bb56103b567794a73a220c29e,America,native range,en
alien-flora-congo-checklist:taxon:f57ff74bb56103b567794a73a220c29e,Shrub,life form,en
alien-flora-congo-checklist:taxon:f58e9da11b7f1a0ab0cd1b8896f03c0d,America,native range,en
alien-flora-congo-checklist:taxon:f58e9da11b7f1a0ab0cd1b8896f03c0d,Climber,life form,en
alien-flora-congo-checklist:taxon:f5aa3dfc81ce3258a9b365c003ba1e6e,Europe,native range,en
alien-flora-congo-checklist:taxon:f5aa3dfc81ce3258a9b365c003ba1e6e,Annual herb,life form,en
alien-flora-congo-checklist:taxon:f5cbd63411b35a457f28cd18d9c318ab,America,native range,en
alien-flora-congo-checklist:taxon:f5cbd63411b35a457f28cd18d9c318ab,Climber,life form,en
alien-flora-congo-checklist:taxon:f5fcb520bed1aead4c515179a5c4e22b,America,native range,en
alien-flora-congo-checklist:taxon:f5fcb520bed1aead4c515179a5c4e22b,Annual herb,life form,en
alien-flora-congo-checklist:taxon:f6408c93ac948847ce2a17855570471f,America,native range,en
alien-flora-congo-checklist:taxon:f6408c93ac948847ce2a17855570471f,Shrub,life form,en
alien-flora-congo-checklist:taxon:f7510901b6f4980682d7674c6e1d9b84,America,native range,en
alien-flora-congo-checklist:taxon:f7510901b6f4980682d7674c6e1d9b84,Perennial herb,life form,en
alien-flora-congo-checklist:taxon:f75a228fc3dc45af78a1372cd19a96eb,America,native range,en
alien-flora-congo-checklist:taxon:f75a228fc3dc45af78a1372cd19a96eb,Perennial herb,life form,en
alien-flora-congo-checklist:taxon:f798867fc81c68b38e61e79743325d85,Africa,native range,en
alien-flora-congo-checklist:taxon:f798867fc81c68b38e61e79743325d85,Annual herb,life form,en
alien-flora-congo-checklist:taxon:f7efb07380987319d7c5496c38d67847,America,native range,en
alien-flora-congo-checklist:taxon:f7efb07380987319d7c5496c38d67847,Climber,life form,en
alien-flora-congo-checklist:taxon:f9be7840492525cd52e20fb1e40ccd1d,America,native range,en
alien-flora-congo-checklist:taxon:f9be7840492525cd52e20fb1e40ccd1d,Annual herb,life form,en
alien-flora-congo-checklist:taxon:f9ea8fed69bd7d2a7d46dfbbc126665c,America,native range,en
alien-flora-congo-checklist:taxon:f9ea8fed69bd7d2a7d46dfbbc126665c,Annual herb,life form,en
alien-flora-congo-checklist:taxon:fa517278847414a23b1f26f7bb4ef2b8,Asia,native range,en
alien-flora-congo-checklist:taxon:fa517278847414a23b1f26f7bb4ef2b8,Tree,life form,en
alien-flora-congo-checklist:taxon:fa83f4c732f7bea030243f502fd55445,America,native range,en
alien-flora-congo-checklist:taxon:fa83f4c732f7bea030243f502fd55445,Climber,life form,en
alien-flora-congo-checklist:taxon:fb7b7b517f5e5dbeee10e4e99ae7b62b,America,native range,en
alien-flora-congo-checklist:taxon:fb7b7b517f5e5dbeee10e4e99ae7b62b,Annual herb,life form,en
alien-flora-congo-checklist:taxon:fb944b1deba94660e334ff46495431fa,Africa,native range,en
alien-flora-congo-checklist:taxon:fb944b1deba94660e334ff46495431fa,Shrub,life form,en
alien-flora-congo-checklist:taxon:fba9ff7929978edf487f833be278ac36,America,native range,en
alien-flora-congo-checklist:taxon:fba9ff7929978edf487f833be278ac36,Annual herb,life form,en
alien-flora-congo-checklist:taxon:fc35b95880fb3588fd095f8b1e274f04,America,native range,en
alien-flora-congo-checklist:taxon:fc35b95880fb3588fd095f8b1e274f04,Tree,life form,en
alien-flora-congo-checklist:taxon:fcaf4f0cb61c7994bdc2238ad2354384,America,native range,en
alien-flora-congo-checklist:taxon:fcaf4f0cb61c7994bdc2238ad2354384,Annual herb,life form,en
alien-flora-congo-checklist:taxon:fd74f1819dd11949637272c6439f692f,America,native range,en
alien-flora-congo-checklist:taxon:fd74f1819dd11949637272c6439f692f,Climber,life form,en
alien-flora-congo-checklist:taxon:fd76c3c6df765c3a86190ebfb7ca4d78,Asia,native range,en
alien-flora-congo-checklist:taxon:fd76c3c6df765c3a86190ebfb7ca4d78,Annual herb,life form,en
alien-flora-congo-checklist:taxon:fdaf449e0de05951bd114e57b1ed5349,Asia,native range,en
alien-flora-congo-checklist:taxon:fdaf449e0de05951bd114e57b1ed5349,Annual herb,life form,en
alien-flora-congo-checklist:taxon:fde2aca64e6ca8f4e834b438700dadc3,Climber,life form,en
alien-flora-congo-checklist:taxon:fec5518ef6aa3a261707c393f3a95eaa,America,native range,en
alien-flora-congo-checklist:taxon:fec5518ef6aa3a261707c393f3a95eaa,Annual herb,life form,en
alien-flora-congo-checklist:taxon:fed43b7d24614b6a3719af9199e1326e,Asia,native range,en
alien-flora-congo-checklist:taxon:fed43b7d24614b6a3719af9199e1326e,Annual herb,life form,en
