taxonID,locality,countryCode,establishmentMeans,degreeOfEstablishment,eventDate
alien-flora-congo-checklist:taxon:010c27436e3dea0403bd28db08b44bb9,the Democratic Republic of the Congo,CD,introduced,casual,1937 / 1987
alien-flora-congo-checklist:taxon:0171f3af60ee86a8b5bc59205a54bdbb,the Democratic Republic of the Congo,CD,introduced,casual,1900 / 1975
alien-flora-congo-checklist:taxon:0223d7c9b68681674df667aaa86170a3,the Democratic Republic of the Congo,CD,introduced,established,1903 / 1996
alien-flora-congo-checklist:taxon:027344bba93f018fea22698c3950c9cc,the Democratic Republic of the Congo,CD,uncertain,invasive,1888 / 2010
alien-flora-congo-checklist:taxon:029078c7e27696d0c8a263ba53bda087,the Democratic Republic of the Congo,CD,introduced,casual,1970 / 1970
alien-flora-congo-checklist:taxon:038a62278d787ff080f66c433313835d,the Democratic Republic of the Congo,CD,introduced,casual,1900 / 1966
alien-flora-congo-checklist:taxon:03a4ea24d3aa2e238d06ada8d3a5e01a,the Democratic Republic of the Congo,CD,introduced,invasive,1946 / 2013
alien-flora-congo-checklist:taxon:03d1c2d437fcf3b85a4b2bfe7d5354a9,the Democratic Republic of the Congo,CD,introduced,established,1959 / 1959
alien-flora-congo-checklist:taxon:05f6ed358b364acab55b2e34537c367d,the Democratic Republic of the Congo,CD,introduced,invasive,1899 / 1987
alien-flora-congo-checklist:taxon:06910e8082ade1e05f159bd0d3a8957f,the Democratic Republic of the Congo,CD,introduced,established,1915 / 1983
alien-flora-congo-checklist:taxon:07c0ac89b847d6c99e6bd25d42a1bb20,the Democratic Republic of the Congo,CD,introduced,casual,1912 / 1981
alien-flora-congo-checklist:taxon:085e2d90f23b702f94968cb279a18f50,the Democratic Republic of the Congo,CD,introduced,invasive,1933 / 1985
alien-flora-congo-checklist:taxon:0886e333d9d2f4b0adf19a3c273faac8,the Democratic Republic of the Congo,CD,introduced,casual,1914 / 1961
alien-flora-congo-checklist:taxon:08ed3481f0d6f0e2b60da9a5b4711dc9,the Democratic Republic of the Congo,CD,introduced,invasive,1903 / 2010
alien-flora-congo-checklist:taxon:0a1592aee31d50db7294c0e1d70b4c61,the Democratic Republic of the Congo,CD,introduced,established,1895 / 1913
alien-flora-congo-checklist:taxon:0a7a1bb4750085c5505621c1c6137827,the Democratic Republic of the Congo,CD,introduced,casual,1901 / 1952
alien-flora-congo-checklist:taxon:0aa48e873d655207d79e51067c52fe8c,the Democratic Republic of the Congo,CD,introduced,casual,1934 / 1937
alien-flora-congo-checklist:taxon:0b3f93c4a83e520b5aef2c8ea9bbbb1d,the Democratic Republic of the Congo,CD,introduced,casual,1911 / 1955
alien-flora-congo-checklist:taxon:0c85679fd4c146c2e5f423482fdf8215,the Democratic Republic of the Congo,CD,introduced,invasive,1893 / 1994
alien-flora-congo-checklist:taxon:0ce8bbdf208c919b3e02862ab09f23b8,the Democratic Republic of the Congo,CD,introduced,established,1948 / 1990
alien-flora-congo-checklist:taxon:0d8b4cf34a555efdfcf68ef7cac07ae1,the Democratic Republic of the Congo,CD,introduced,established,1904 / 2002
alien-flora-congo-checklist:taxon:0dbc671a7053e62e54434a6417e55678,the Democratic Republic of the Congo,CD,introduced,casual,1888 / 1888
alien-flora-congo-checklist:taxon:0eb4d2429d326e7cb2b3de5132430b4f,the Democratic Republic of the Congo,CD,introduced,casual,1952 / 1952
alien-flora-congo-checklist:taxon:0f8cd19b9b6c193a6bb812a046920b23,the Democratic Republic of the Congo,CD,uncertain,invasive,1888 / 2014
alien-flora-congo-checklist:taxon:105428d1c2f78adb086c3d45daa5c361,the Democratic Republic of the Congo,CD,introduced,casual,1899 / 1983
alien-flora-congo-checklist:taxon:119ae421bba744276c2086ce865cfde1,the Democratic Republic of the Congo,CD,introduced,invasive,1932 / 2013
alien-flora-congo-checklist:taxon:11ddf9dacac608235e74864ba9db3a6b,the Democratic Republic of the Congo,CD,introduced,invasive,1888 / 1996
alien-flora-congo-checklist:taxon:11fb62656eec96dea2237c845f41d5a9,the Democratic Republic of the Congo,CD,uncertain,invasive,1888 / 2006
alien-flora-congo-checklist:taxon:12549ca99e09eafa82e8c8e073246eac,the Democratic Republic of the Congo,CD,introduced,casual,1922 / 1981
alien-flora-congo-checklist:taxon:129ff6a27fe169e61fb0601354db4239,the Democratic Republic of the Congo,CD,introduced,established,1896 / 1990
alien-flora-congo-checklist:taxon:135395503fc235f4a808d66d4bc25785,the Democratic Republic of the Congo,CD,introduced,invasive,1891 / 1977
alien-flora-congo-checklist:taxon:138549a713a89f4d09e689dbd68f6e9e,the Democratic Republic of the Congo,CD,introduced,established,1894 / 1996
alien-flora-congo-checklist:taxon:14cc3bb18537cdf529cb8dde5a42725c,the Democratic Republic of the Congo,CD,introduced,casual,1916 / 1974
alien-flora-congo-checklist:taxon:169e8ec574361cfc269099f04761040a,the Democratic Republic of the Congo,CD,introduced,established,1937 / 1977
alien-flora-congo-checklist:taxon:178e15be3deb16b3cd3bde05ba41b084,the Democratic Republic of the Congo,CD,introduced,invasive,1898 / 1979
alien-flora-congo-checklist:taxon:18299add942ac41e69ad6dbc44512f0a,the Democratic Republic of the Congo,CD,introduced,casual,1930 / 1983
alien-flora-congo-checklist:taxon:184a794ece0753e9bbfc7b3b7f7ba616,the Democratic Republic of the Congo,CD,introduced,casual,1947 / 2010
alien-flora-congo-checklist:taxon:18724e80ac954315f911927e1f20ceff,the Democratic Republic of the Congo,CD,introduced,established,1903 / 1960
alien-flora-congo-checklist:taxon:18b3d5a84d52595357c8ad1fb59819a5,the Democratic Republic of the Congo,CD,introduced,casual,1903 / 2007
alien-flora-congo-checklist:taxon:18da277a2016baf5ac5cc7a48eb396c2,the Democratic Republic of the Congo,CD,introduced,established,1900 / 2010
alien-flora-congo-checklist:taxon:18fd92eead543fd545639cc23c6ccb8a,the Democratic Republic of the Congo,CD,introduced,casual,1911 / 1911
alien-flora-congo-checklist:taxon:197706ca9c96bfd93a14fce8b0b7f599,the Democratic Republic of the Congo,CD,introduced,casual,1905 / 1958
alien-flora-congo-checklist:taxon:19af79ba39a27a1a5e62544ce11c57fb,the Democratic Republic of the Congo,CD,introduced,established,1899 / 1982
alien-flora-congo-checklist:taxon:19c9d38ad7d80670a5c2700b9785b767,the Democratic Republic of the Congo,CD,introduced,casual,1938 / 1958
alien-flora-congo-checklist:taxon:19d57a88805020a5e6903eef5090adc7,the Democratic Republic of the Congo,CD,introduced,invasive,1949 / 2013
alien-flora-congo-checklist:taxon:19f037a613b7ffdc49edfbd42e411d03,the Democratic Republic of the Congo,CD,introduced,established,1888 / 1993
alien-flora-congo-checklist:taxon:19f1ff638ebc88e1f049c1bbef156bd1,the Democratic Republic of the Congo,CD,introduced,casual,1908 / 1982
alien-flora-congo-checklist:taxon:1a02cc2003c23692359d1580102f4124,the Democratic Republic of the Congo,CD,introduced,established,1911 / 2007
alien-flora-congo-checklist:taxon:1a4d1a68dca66c060cf543c57ae3286d,the Democratic Republic of the Congo,CD,introduced,casual,
alien-flora-congo-checklist:taxon:1a9ed6a1ed0ed78e5bdfab0c38189fb9,the Democratic Republic of the Congo,CD,introduced,established,1894 / 1996
alien-flora-congo-checklist:taxon:1aaa6f3e1144dbe7fd96563852b7a79d,the Democratic Republic of the Congo,CD,uncertain,invasive,1893 / 2017
alien-flora-congo-checklist:taxon:1afa7eac94ad54d9ca9ab135fcffba38,the Democratic Republic of the Congo,CD,uncertain,established,1900 / 2013
alien-flora-congo-checklist:taxon:1b42d79896c69c0c6482324c59c29bf4,the Democratic Republic of the Congo,CD,introduced,casual,1902 / 1993
alien-flora-congo-checklist:taxon:1d6ff724a3618e7c3622967898e54113,the Democratic Republic of the Congo,CD,introduced,casual,1905 / 1957
alien-flora-congo-checklist:taxon:1d772d77c14965ea69f96548e2cbc03b,the Democratic Republic of the Congo,CD,introduced,invasive,1888 / 2012
alien-flora-congo-checklist:taxon:1da1d68f7094afcd6bb78bad3779c786,the Democratic Republic of the Congo,CD,introduced,established,1925 / 1987
alien-flora-congo-checklist:taxon:1dc8be3b7dc165aa5adba1e83ea158eb,the Democratic Republic of the Congo,CD,introduced,invasive,1926 / 1995
alien-flora-congo-checklist:taxon:1de4dcbbc075ad8bce86c63825c0b303,the Democratic Republic of the Congo,CD,introduced,established,1900 / 1973
alien-flora-congo-checklist:taxon:1f1b7100ee8484d91ba196ad7adb6776,the Democratic Republic of the Congo,CD,introduced,casual,""
alien-flora-congo-checklist:taxon:1f4528950605c3f66eaf34952caa4700,the Democratic Republic of the Congo,CD,introduced,invasive,1886 / 1999
alien-flora-congo-checklist:taxon:1f6c831730b8f450abbdc9f368f7448b,the Democratic Republic of the Congo,CD,introduced,casual,1888 / 1979
alien-flora-congo-checklist:taxon:206be90d56b888c2db598c7e77d67632,the Democratic Republic of the Congo,CD,introduced,established,1952 / 1994
alien-flora-congo-checklist:taxon:213c535d3fc3016ed1009372d8faa098,the Democratic Republic of the Congo,CD,introduced,casual,1908 / 2010
alien-flora-congo-checklist:taxon:21838f0d3776c5b80c8b4ee44f0b86b5,the Democratic Republic of the Congo,CD,introduced,established,1898 / 1979
alien-flora-congo-checklist:taxon:2306d6326c614450d20981b40a4b742c,the Democratic Republic of the Congo,CD,introduced,casual,1909 / 1979
alien-flora-congo-checklist:taxon:231432fd157463575806e7863e8e1e56,the Democratic Republic of the Congo,CD,introduced,invasive,1908 / 2010
alien-flora-congo-checklist:taxon:233f4672cdb30f5b02c28d5b70d7315d,the Democratic Republic of the Congo,CD,introduced,established,1900 / 1996
alien-flora-congo-checklist:taxon:24b99f0459d69c969e8e2262e1c242a2,the Democratic Republic of the Congo,CD,introduced,established,1899 / 2013
alien-flora-congo-checklist:taxon:24d1e9cd07ecdc89fbd4a8f2b4d7b3a9,the Democratic Republic of the Congo,CD,introduced,casual,1914 / 1954
alien-flora-congo-checklist:taxon:24fdcb7cc85afb14d23b4c5b5d227131,the Democratic Republic of the Congo,CD,introduced,casual,1914 / 1970
alien-flora-congo-checklist:taxon:25501228ebc4ef2176168e587a11a3d4,the Democratic Republic of the Congo,CD,introduced,established,1893 / 2013
alien-flora-congo-checklist:taxon:257f50fd701d41f96e9e11070f58d703,the Democratic Republic of the Congo,CD,introduced,casual,1912 / 1979
alien-flora-congo-checklist:taxon:272e33b292d3d83a44f462add71e9a07,the Democratic Republic of the Congo,CD,introduced,casual,1924 / 1924
alien-flora-congo-checklist:taxon:27ed880f639ee7014346a63b1653ff7d,the Democratic Republic of the Congo,CD,introduced,invasive,1887 / 2013
alien-flora-congo-checklist:taxon:2906dc35f1edc82021e69684bc1dad6c,the Democratic Republic of the Congo,CD,introduced,casual,1921 / 1921
alien-flora-congo-checklist:taxon:29aea30fb66dbda892ee741e11182130,the Democratic Republic of the Congo,CD,introduced,casual,1905 / 2004
alien-flora-congo-checklist:taxon:2a11ccfba90d7bb344b0179a71aa6bba,the Democratic Republic of the Congo,CD,introduced,casual,1911 / 1911
alien-flora-congo-checklist:taxon:2a354f8c1b62841c84a61c3ea7e926fe,the Democratic Republic of the Congo,CD,introduced,casual,1901 / 2009
alien-flora-congo-checklist:taxon:2a79abe41f09ae06b73d8c4ac419cc58,the Democratic Republic of the Congo,CD,introduced,casual,1930 / 1960
alien-flora-congo-checklist:taxon:2ab0e6606942539ea9b1be7a27203df7,the Democratic Republic of the Congo,CD,introduced,casual,1921 / 1981
alien-flora-congo-checklist:taxon:2b108ce689c378e1c39b26f161c92622,the Democratic Republic of the Congo,CD,introduced,established,1970 / 1981
alien-flora-congo-checklist:taxon:2b7014667dc79af03116a3ab317299d9,the Democratic Republic of the Congo,CD,introduced,casual,1948 / 1948
alien-flora-congo-checklist:taxon:2cce516708375252b529af22f44f96ee,the Democratic Republic of the Congo,CD,introduced,established,1900 / 2012
alien-flora-congo-checklist:taxon:2d15307ffb1f456c1b40c1ea9abbbe74,the Democratic Republic of the Congo,CD,introduced,casual,1932 / 2009
alien-flora-congo-checklist:taxon:2dfe6ed86597ceadf0711aa014e35c0d,the Democratic Republic of the Congo,CD,uncertain,established,1907 / 2001
alien-flora-congo-checklist:taxon:2e002a33b58d972ab8b659aef4527889,the Democratic Republic of the Congo,CD,introduced,established,1873 / 1960
alien-flora-congo-checklist:taxon:2eb0c36f1046d315d05b431271d0098f,the Democratic Republic of the Congo,CD,introduced,casual,1906 / 1973
alien-flora-congo-checklist:taxon:2ed0fb37d0caa6f7539a1d0b5dab5fee,the Democratic Republic of the Congo,CD,introduced,invasive,1937 / 1987
alien-flora-congo-checklist:taxon:3036de13fd0dabb966d47940886981cd,the Democratic Republic of the Congo,CD,introduced,established,1893 / 2012
alien-flora-congo-checklist:taxon:314ce61a24845ae8e2105e198989d864,the Democratic Republic of the Congo,CD,introduced,casual,1908 / 1998
alien-flora-congo-checklist:taxon:31bd84de36bf09e44c75a01c7bd4b63b,the Democratic Republic of the Congo,CD,introduced,casual,1958 / 1984
alien-flora-congo-checklist:taxon:31bf7f512188e683aa227a03356480fd,the Democratic Republic of the Congo,CD,introduced,established,
alien-flora-congo-checklist:taxon:31ed91e4eb6b52b668568394d212cfe5,the Democratic Republic of the Congo,CD,introduced,established,1903 / 1932
alien-flora-congo-checklist:taxon:331739cc2c660be27963b0bc1a7121ae,the Democratic Republic of the Congo,CD,introduced,casual,1930 / 1979
alien-flora-congo-checklist:taxon:336095f6c9ecb297a43e5de2b69f568c,the Democratic Republic of the Congo,CD,introduced,casual,1902 / 1956
alien-flora-congo-checklist:taxon:336359fdb0fde96daee6bcff00ddd5bc,the Democratic Republic of the Congo,CD,introduced,casual,1903 / 2017
alien-flora-congo-checklist:taxon:33910e99c2356b8d6e9fb6ba61535b5e,the Democratic Republic of the Congo,CD,uncertain,established,1950 / 1970
alien-flora-congo-checklist:taxon:33c7f9d28a35bce4a451b690bba2159a,the Democratic Republic of the Congo,CD,introduced,established,1946 / 2010
alien-flora-congo-checklist:taxon:35e23633983dd906ada3bcbf1780ff61,the Democratic Republic of the Congo,CD,introduced,casual,1937 / 1984
alien-flora-congo-checklist:taxon:35e2fa01e7eda477d861fe4135605ea5,the Democratic Republic of the Congo,CD,introduced,established,1955 / 2010
alien-flora-congo-checklist:taxon:36248f96052a2700c3f7cdfd0b294ff1,the Democratic Republic of the Congo,CD,introduced,established,1906 / 2010
alien-flora-congo-checklist:taxon:363cf2492d2f2ae3f7b106477f8200ed,the Democratic Republic of the Congo,CD,introduced,casual,1958 / 1958
alien-flora-congo-checklist:taxon:380dd174ccd032fe884d8a5c95cab719,the Democratic Republic of the Congo,CD,introduced,casual,1984 / 1984
alien-flora-congo-checklist:taxon:3882d0d4465fe7e33a5b8d7cbc2e8acb,the Democratic Republic of the Congo,CD,introduced,casual,1931 / 1979
alien-flora-congo-checklist:taxon:3976e7e528174926e7c2f821843e2635,the Democratic Republic of the Congo,CD,introduced,invasive,1888 / 1985
alien-flora-congo-checklist:taxon:398a6ee18b2b71b5d8c6e3641ea4331a,the Democratic Republic of the Congo,CD,introduced,established,1893 / 2004
alien-flora-congo-checklist:taxon:39bc292c52b46a8ffd6a1080705db038,the Democratic Republic of the Congo,CD,introduced,established,1930 / 2010
alien-flora-congo-checklist:taxon:39d9e12cab6561665cb5909b51d9d697,the Democratic Republic of the Congo,CD,introduced,casual,1891 / 1984
alien-flora-congo-checklist:taxon:3bcd923b2c508b97f1c7d4433e453058,the Democratic Republic of the Congo,CD,introduced,invasive,1914 / 1984
alien-flora-congo-checklist:taxon:3be8478851f5ee2e443c04cc9ba6d616,the Democratic Republic of the Congo,CD,introduced,established,1919 / 1990
alien-flora-congo-checklist:taxon:3bf69eda1b234213a52c7399891b7f86,the Democratic Republic of the Congo,CD,introduced,established,1911 / 1956
alien-flora-congo-checklist:taxon:3c9c3536c2bf515e6ad099454bce0020,the Democratic Republic of the Congo,CD,introduced,established,1952 / 2006
alien-flora-congo-checklist:taxon:3d2e5f825cfec3285b3b2cfa65888967,the Democratic Republic of the Congo,CD,introduced,established,1932 / 1959
alien-flora-congo-checklist:taxon:3f3ef031c149626bfda6e12110c8c073,the Democratic Republic of the Congo,CD,introduced,established,1894 / 1991
alien-flora-congo-checklist:taxon:3f8003d5ac9316064878c1165435b463,the Democratic Republic of the Congo,CD,introduced,established,1913 / 1959
alien-flora-congo-checklist:taxon:3f9facd439603069fb7d627a079a7543,the Democratic Republic of the Congo,CD,introduced,established,1925 / 2004
alien-flora-congo-checklist:taxon:3f9feb5ce4a9b52418f627c69a2a9f02,the Democratic Republic of the Congo,CD,introduced,invasive,1903 / 2010
alien-flora-congo-checklist:taxon:40654a2b00b8327981cf17704e233ed7,the Democratic Republic of the Congo,CD,introduced,casual,1959 / 1971
alien-flora-congo-checklist:taxon:412e87fd2695594efafa5909d9010860,the Democratic Republic of the Congo,CD,introduced,established,1895 / 2006
alien-flora-congo-checklist:taxon:41fd8bc2120a23527a2b9eb90e1fe8e4,the Democratic Republic of the Congo,CD,introduced,casual,1929 / 1929
alien-flora-congo-checklist:taxon:420366531e64af111edf84fb70373368,the Democratic Republic of the Congo,CD,introduced,casual,1912 / 1979
alien-flora-congo-checklist:taxon:42f139e6bb3e7cb482596b66d307153f,the Democratic Republic of the Congo,CD,introduced,established,1900 / 1991
alien-flora-congo-checklist:taxon:43791e98a2cdbf09616d4c035c431841,the Democratic Republic of the Congo,CD,introduced,established,1902 / 1988
alien-flora-congo-checklist:taxon:439e2b8131c5d27ee52626503784354b,the Democratic Republic of the Congo,CD,introduced,established,1900 / 2005
alien-flora-congo-checklist:taxon:4434a302bb0ee261820a10aa93564a51,the Democratic Republic of the Congo,CD,introduced,invasive,1888 / 2014
alien-flora-congo-checklist:taxon:450090b3a6c279822037de4170a2d6bc,the Democratic Republic of the Congo,CD,introduced,invasive,1912 / 2012
alien-flora-congo-checklist:taxon:453566ae780b51e88097cfb4258532df,the Democratic Republic of the Congo,CD,introduced,established,1900 / 2010
alien-flora-congo-checklist:taxon:466bef80327eef4c3c67630b0592d40d,the Democratic Republic of the Congo,CD,introduced,established,1903 / 1992
alien-flora-congo-checklist:taxon:46beacea776dbfedadcf8c24fac185b3,the Democratic Republic of the Congo,CD,introduced,casual,1905 / 1976
alien-flora-congo-checklist:taxon:48ab6deb0fe59c0607e62c9727c7708d,the Democratic Republic of the Congo,CD,introduced,invasive,1959 / 2013
alien-flora-congo-checklist:taxon:48c37b493aca00a8b72a1e3d201a0ee4,the Democratic Republic of the Congo,CD,introduced,established,1919 / 1979
alien-flora-congo-checklist:taxon:49659ca19e90544ab252471f9cdc891e,the Democratic Republic of the Congo,CD,introduced,casual,1903 / 1990
alien-flora-congo-checklist:taxon:4bb6c2fd4edcc3d805d4e8043cc89411,the Democratic Republic of the Congo,CD,introduced,invasive,1895 / 2012
alien-flora-congo-checklist:taxon:4beb46e5601ea334cbb282a40c370e1c,the Democratic Republic of the Congo,CD,introduced,invasive,1869 / 2015
alien-flora-congo-checklist:taxon:4c563c646598ffae73ed0469e35c13bd,the Democratic Republic of the Congo,CD,introduced,established,1939 / 1939
alien-flora-congo-checklist:taxon:4da415beb68acfa8bb1c31de1e8379ed,the Democratic Republic of the Congo,CD,introduced,established,1914 / 1954
alien-flora-congo-checklist:taxon:4dd2d73d3c6db823e96f8e8b34f4f571,the Democratic Republic of the Congo,CD,introduced,invasive,1931 / 1990
alien-flora-congo-checklist:taxon:4df8d83f74d0820981e5683716933863,the Democratic Republic of the Congo,CD,introduced,casual,1911 / 1940
alien-flora-congo-checklist:taxon:4e29ae384dd936177d526f737bc0923f,the Democratic Republic of the Congo,CD,introduced,established,1922 / 1996
alien-flora-congo-checklist:taxon:4e99a0e429b89672d7526493140b6899,the Democratic Republic of the Congo,CD,introduced,invasive,1894 / 1998
alien-flora-congo-checklist:taxon:4e9af5b2c0b3bb9455ee3a45a7ad3125,the Democratic Republic of the Congo,CD,introduced,casual,1948 / 1970
alien-flora-congo-checklist:taxon:4fb9c7f0c8c24bcccfd25d084e0a4a4c,the Democratic Republic of the Congo,CD,introduced,established,1924 / 2013
alien-flora-congo-checklist:taxon:50006802a1a75b2a708d00850ba68b4a,the Democratic Republic of the Congo,CD,uncertain,established,1937 / 1971
alien-flora-congo-checklist:taxon:512b711fe714b61e9a83865626ecf6fb,the Democratic Republic of the Congo,CD,introduced,established,1900 / 1984
alien-flora-congo-checklist:taxon:51771e216a581752815f98cd482a04dc,the Democratic Republic of the Congo,CD,introduced,invasive,1888 / 2011
alien-flora-congo-checklist:taxon:51b8c72ba7406270352dfede1df9542a,the Democratic Republic of the Congo,CD,introduced,casual,1932 / 1956
alien-flora-congo-checklist:taxon:52608e67402587371aa4746c37abc3b9,the Democratic Republic of the Congo,CD,introduced,casual,1920 / 1978
alien-flora-congo-checklist:taxon:52dba30eb5241069ac6a014b2c27f00e,the Democratic Republic of the Congo,CD,introduced,casual,1930 / 1930
alien-flora-congo-checklist:taxon:53064f7e2909db06671b763ba4a1bb4e,the Democratic Republic of the Congo,CD,introduced,established,1932 / 1984
alien-flora-congo-checklist:taxon:55ccd03e5023a6b0ac116170b7c22104,the Democratic Republic of the Congo,CD,introduced,established,1907 / 1990
alien-flora-congo-checklist:taxon:57a7118233ef40bec92485b3a7095f02,the Democratic Republic of the Congo,CD,introduced,casual,1932 / 1982
alien-flora-congo-checklist:taxon:597091fd85201d858a569ed37ae7d3ac,the Democratic Republic of the Congo,CD,introduced,casual,1960 / 1960
alien-flora-congo-checklist:taxon:5a17233e8375169f2a8bc2b31fc0c64a,the Democratic Republic of the Congo,CD,introduced,invasive,1896 / 2010
alien-flora-congo-checklist:taxon:5a37fb4c3fb5e2181feb1c69d08e2964,the Democratic Republic of the Congo,CD,uncertain,established,1893 / 1994
alien-flora-congo-checklist:taxon:5b39f3adb41c83caf9cc54f9d97ed744,the Democratic Republic of the Congo,CD,introduced,established,1937 / 2005
alien-flora-congo-checklist:taxon:5b6ce7817a9c46368f7cde4be7c578fa,the Democratic Republic of the Congo,CD,introduced,casual,1910 / 1937
alien-flora-congo-checklist:taxon:5b7be68de871e8eb40743c4c05f961df,the Democratic Republic of the Congo,CD,introduced,casual,1900 / 1985
alien-flora-congo-checklist:taxon:5bbc0650bc7b36489d281587606ac7bd,the Democratic Republic of the Congo,CD,introduced,invasive,1908 / 1990
alien-flora-congo-checklist:taxon:5bfabf4f5eab2545d60e31be25a5ff18,the Democratic Republic of the Congo,CD,introduced,established,1910 / 1983
alien-flora-congo-checklist:taxon:5c779a0b6ba9540b4fe96952f08f0103,the Democratic Republic of the Congo,CD,introduced,invasive,1895 / 2010
alien-flora-congo-checklist:taxon:5e78408d24eeac122435171077eb39ee,the Democratic Republic of the Congo,CD,introduced,casual,1914 / 1990
alien-flora-congo-checklist:taxon:5f45180618991ef2b221695254e7cf2e,the Democratic Republic of the Congo,CD,introduced,invasive,1888 / 1994
alien-flora-congo-checklist:taxon:5f806b9d9eed3688b9868ab026529386,the Democratic Republic of the Congo,CD,introduced,casual,1945 / 1979
alien-flora-congo-checklist:taxon:5fbe9347397cfe8f9a7a0175c3535053,the Democratic Republic of the Congo,CD,introduced,invasive,1888 / 1984
alien-flora-congo-checklist:taxon:5fe8850bdc7f2e83c4e5ce3a19219d7a,the Democratic Republic of the Congo,CD,introduced,casual,1932 / 1952
alien-flora-congo-checklist:taxon:6028a8c4b80faac1a50c2e21d97d6360,the Democratic Republic of the Congo,CD,introduced,casual,2010 / 2010
alien-flora-congo-checklist:taxon:608815fb6da808bf1ddec9d32b6abb39,the Democratic Republic of the Congo,CD,introduced,established,1909 / 2007
alien-flora-congo-checklist:taxon:6253cc06bf27330cb78cf9fe73ef8519,the Democratic Republic of the Congo,CD,introduced,established,1896 / 1996
alien-flora-congo-checklist:taxon:637e1081a33a53063fdf4d808ca1b613,the Democratic Republic of the Congo,CD,uncertain,established,1911 / 1994
alien-flora-congo-checklist:taxon:64302edcda82fefcf5b8094ee246ee6e,the Democratic Republic of the Congo,CD,introduced,established,1899 / 1986
alien-flora-congo-checklist:taxon:65681f1c172d456a95e6d9287b041fbe,the Democratic Republic of the Congo,CD,uncertain,invasive,1895 / 2010
alien-flora-congo-checklist:taxon:66192857441b852ade0e2d47a73353da,the Democratic Republic of the Congo,CD,introduced,casual,1903 / 1937
alien-flora-congo-checklist:taxon:662e7c503ee964f58db70b1c6c6bdc5f,the Democratic Republic of the Congo,CD,introduced,casual,1911 / 1962
alien-flora-congo-checklist:taxon:665b2cdd03c08f849b57235228a040ca,the Democratic Republic of the Congo,CD,introduced,casual,1931 / 1938
alien-flora-congo-checklist:taxon:69267f5f29445bea9262e1b19fc63e8b,the Democratic Republic of the Congo,CD,introduced,established,1900 / 1987
alien-flora-congo-checklist:taxon:693ebcb3d305da7ac180bd16d8bb4801,the Democratic Republic of the Congo,CD,introduced,invasive,1911 / 2006
alien-flora-congo-checklist:taxon:699827c2f8968e0acd0c0680a14c0536,the Democratic Republic of the Congo,CD,introduced,casual,2001 / 2001
alien-flora-congo-checklist:taxon:6a7fac1f0a256c6c19fb5fd312c3af80,the Democratic Republic of the Congo,CD,uncertain,established,1925 / 1985
alien-flora-congo-checklist:taxon:6b77a87f7f84fd0c4fda7a65b1108688,the Democratic Republic of the Congo,CD,introduced,established,1933 / 1983
alien-flora-congo-checklist:taxon:6b9c2bf4cdc546432e82e1720daf5ebf,the Democratic Republic of the Congo,CD,introduced,casual,1951 / 1951
alien-flora-congo-checklist:taxon:6c0f1c6eff1486aaa7c9e851dd7bb3e6,the Democratic Republic of the Congo,CD,introduced,casual,1948 / 1948
alien-flora-congo-checklist:taxon:6c601312e95984c3cf8e597ddd5168c5,the Democratic Republic of the Congo,CD,introduced,casual,1923 / 1993
alien-flora-congo-checklist:taxon:6c655733b7ca25205af1dfd1dedca776,the Democratic Republic of the Congo,CD,introduced,established,1942 / 1991
alien-flora-congo-checklist:taxon:6cb71022f69f2157d0566d02f3cafb17,the Democratic Republic of the Congo,CD,uncertain,established,1925 / 2009
alien-flora-congo-checklist:taxon:6d20b2f5654bce4d56582f5973217246,the Democratic Republic of the Congo,CD,introduced,established,1948 / 2010
alien-flora-congo-checklist:taxon:6d938d9154eccb583ddd5394743b1027,the Democratic Republic of the Congo,CD,introduced,casual,1929 / 1987
alien-flora-congo-checklist:taxon:6db11587ed456b68211d855ef9a586c0,the Democratic Republic of the Congo,CD,introduced,established,1959 / 1990
alien-flora-congo-checklist:taxon:6deaaa4a56a79943e2daaab73162e960,the Democratic Republic of the Congo,CD,introduced,casual,1914 / 1998
alien-flora-congo-checklist:taxon:6e2f9b6066434321048777b064aa85a0,the Democratic Republic of the Congo,CD,introduced,casual,1908 / 1998
alien-flora-congo-checklist:taxon:6e32ae42aa3753dd326dc389ea745b3a,the Democratic Republic of the Congo,CD,introduced,casual,1926 / 1926
alien-flora-congo-checklist:taxon:6e708672bdc4e0ac53d171e04ea1c21c,the Democratic Republic of the Congo,CD,introduced,established,1902 / 1996
alien-flora-congo-checklist:taxon:6f1c50ac4fe70da802c3b04cba0d93a1,the Democratic Republic of the Congo,CD,introduced,established,1908 / 1990
alien-flora-congo-checklist:taxon:6f2f1357e5120c46401a9feae0bbc174,the Democratic Republic of the Congo,CD,introduced,established,1888 / 2009
alien-flora-congo-checklist:taxon:6f6182cce6ec9d001ff9bb711bc2b6f8,the Democratic Republic of the Congo,CD,introduced,established,1910 / 1950
alien-flora-congo-checklist:taxon:706c32f2a2814bbe9872221c059e123d,the Democratic Republic of the Congo,CD,introduced,casual,1991 / 1991
alien-flora-congo-checklist:taxon:706fc74cc406c3398c829e1868f6821f,the Democratic Republic of the Congo,CD,introduced,established,1895 / 2010
alien-flora-congo-checklist:taxon:7084c754917debe2a90fc456cda9e606,the Democratic Republic of the Congo,CD,introduced,established,1895 / 2001
alien-flora-congo-checklist:taxon:709ff7cc176c72833692f9e65b286c54,the Democratic Republic of the Congo,CD,introduced,casual,
alien-flora-congo-checklist:taxon:7235c2fe5448e8b4a3f008c1e3c198d8,the Democratic Republic of the Congo,CD,introduced,invasive,1894 / 2010
alien-flora-congo-checklist:taxon:724f8153e49dcc63ffa012bfce811151,the Democratic Republic of the Congo,CD,introduced,casual,1923 / 1955
alien-flora-congo-checklist:taxon:72d7a3fae63a78bf86f5aa6f72cdcc1b,the Democratic Republic of the Congo,CD,introduced,casual,1907 / 1956
alien-flora-congo-checklist:taxon:732f4e0d7945c392080940a0a157e76c,the Democratic Republic of the Congo,CD,introduced,casual,1985 / 1985
alien-flora-congo-checklist:taxon:73e5e5941edee37b412d884c78559b52,the Democratic Republic of the Congo,CD,introduced,casual,1895 / 2005
alien-flora-congo-checklist:taxon:7455618a9f4087c2024f0f24e50f6ed2,the Democratic Republic of the Congo,CD,introduced,casual,1895 / 1996
alien-flora-congo-checklist:taxon:74c356e9fc121be7fbf93998c202ed0b,the Democratic Republic of the Congo,CD,introduced,casual,1947 / 1983
alien-flora-congo-checklist:taxon:757bf6bfbbce0fe187dede0882c8c5f8,the Democratic Republic of the Congo,CD,introduced,casual,1976 / 1988
alien-flora-congo-checklist:taxon:7704fcf7cba73c66952d244c7d89c470,the Democratic Republic of the Congo,CD,introduced,casual,1979 / 1996
alien-flora-congo-checklist:taxon:781daca09f27430862d62ffc1c717e80,the Democratic Republic of the Congo,CD,introduced,established,1909 / 1958
alien-flora-congo-checklist:taxon:784b13e4791549e148e16ac2afeb30e6,the Democratic Republic of the Congo,CD,introduced,established,1928 / 1984
alien-flora-congo-checklist:taxon:784d58e24e686586c41668d4e7a25c7f,the Democratic Republic of the Congo,CD,introduced,casual,1890 / 2010
alien-flora-congo-checklist:taxon:7877feef008651a6514550e5843eac9d,the Democratic Republic of the Congo,CD,introduced,established,1925 / 2007
alien-flora-congo-checklist:taxon:791c620afd4322fcf15a02647c52cae0,the Democratic Republic of the Congo,CD,introduced,established,1905 / 1971
alien-flora-congo-checklist:taxon:7a0dfc6f24fb6d947435937754c34435,the Democratic Republic of the Congo,CD,introduced,established,1870 / 2012
alien-flora-congo-checklist:taxon:7a4fbd65fdb3b7ca4a200300b0218e86,the Democratic Republic of the Congo,CD,introduced,invasive,1912 / 1982
alien-flora-congo-checklist:taxon:7b397fbda2fee9c8af52c0a266a053d3,the Democratic Republic of the Congo,CD,introduced,invasive,1888 / 2011
alien-flora-congo-checklist:taxon:7b9cd39a7bd570784fe8567288c493da,the Democratic Republic of the Congo,CD,introduced,established,1895 / 1998
alien-flora-congo-checklist:taxon:7c74e048871973df5bd7d7d0215043eb,the Democratic Republic of the Congo,CD,introduced,casual,1906 / 1952
alien-flora-congo-checklist:taxon:7dbf73f462914d6455e30a13205fa19b,the Democratic Republic of the Congo,CD,introduced,established,1919 / 1959
alien-flora-congo-checklist:taxon:7e562831bc06acc42108b50b07038456,the Democratic Republic of the Congo,CD,introduced,casual,1955 / 1976
alien-flora-congo-checklist:taxon:7e6f6ded01657a8434d85317e70d9ee5,the Democratic Republic of the Congo,CD,introduced,established,1938 / 1967
alien-flora-congo-checklist:taxon:80405b7504fdc110ce7251965e5e6525,the Democratic Republic of the Congo,CD,introduced,casual,1979 / 1979
alien-flora-congo-checklist:taxon:80951af7b411d5a400e5558979a71ca7,the Democratic Republic of the Congo,CD,introduced,invasive,1925 / 1990
alien-flora-congo-checklist:taxon:809fd33ed2ffa71fd2beef2e5434d013,the Democratic Republic of the Congo,CD,introduced,established,1971 / 1971
alien-flora-congo-checklist:taxon:80d38e418e9e4e5001b905ee8f71b9aa,the Democratic Republic of the Congo,CD,introduced,established,1939 / 1987
alien-flora-congo-checklist:taxon:81419779e6bc322a68f83fcc1b40575f,the Democratic Republic of the Congo,CD,introduced,established,1895 / 1990
alien-flora-congo-checklist:taxon:81abc9c553e7b19b492da3c17cf42bb1,the Democratic Republic of the Congo,CD,introduced,casual,1930 / 1932
alien-flora-congo-checklist:taxon:833f10b5f6503853ca3f24d29131fa05,the Democratic Republic of the Congo,CD,introduced,established,1925 / 1983
alien-flora-congo-checklist:taxon:8361e05a1837b86ab07000cde9cbcb14,the Democratic Republic of the Congo,CD,introduced,casual,1890 / 2002
alien-flora-congo-checklist:taxon:837e3de41571f2b81efad51214009b56,the Democratic Republic of the Congo,CD,introduced,casual,1923 / 1970
alien-flora-congo-checklist:taxon:839447155807db7d1c0f65176e5926e7,the Democratic Republic of the Congo,CD,introduced,casual,1930 / 1970
alien-flora-congo-checklist:taxon:83c78ab95e72ce87790a89c2cb629a82,the Democratic Republic of the Congo,CD,introduced,casual,1900 / 1937
alien-flora-congo-checklist:taxon:83ccac5844472d4936e6d2f3dc611840,the Democratic Republic of the Congo,CD,introduced,invasive,1886 / 1991
alien-flora-congo-checklist:taxon:8463efb46b18f23f89904f813724024e,the Democratic Republic of the Congo,CD,introduced,invasive,1888 / 2010
alien-flora-congo-checklist:taxon:84cebbccde771499463106b012af5cde,the Democratic Republic of the Congo,CD,introduced,casual,1919 / 1974
alien-flora-congo-checklist:taxon:853f7e88a18782783ab82e15d8ede9ef,the Democratic Republic of the Congo,CD,introduced,casual,1900 / 1998
alien-flora-congo-checklist:taxon:85cb719a17bd3bcd9cccef542dfa62db,the Democratic Republic of the Congo,CD,introduced,established,1933 / 1948
alien-flora-congo-checklist:taxon:85d3d0ea167369c9057f825ca7cf62a9,the Democratic Republic of the Congo,CD,introduced,casual,1903 / 2010
alien-flora-congo-checklist:taxon:85d8cd5b76bbef24c0bb8f0df0d49bf6,the Democratic Republic of the Congo,CD,introduced,established,1890 / 1996
alien-flora-congo-checklist:taxon:86bff3ff623ecc093d0607334e62b35b,the Democratic Republic of the Congo,CD,introduced,established,1929 / 1991
alien-flora-congo-checklist:taxon:876c8f5055dfe5ec154e9947adc4482b,the Democratic Republic of the Congo,CD,introduced,casual,1949 / 1959
alien-flora-congo-checklist:taxon:8847269ec10904bae4b3edf977506b90,the Democratic Republic of the Congo,CD,introduced,casual,1930 / 1979
alien-flora-congo-checklist:taxon:89026cc73d8543a73dbc9dda7712fc6c,the Democratic Republic of the Congo,CD,introduced,established,1907
alien-flora-congo-checklist:taxon:899ff781aa012952764d74a73a059cbf,the Democratic Republic of the Congo,CD,introduced,casual,1927 / 1988
alien-flora-congo-checklist:taxon:8acc86712e2405e2443539ae8e9ff588,the Democratic Republic of the Congo,CD,uncertain,established,1914 / 1974
alien-flora-congo-checklist:taxon:8c5c3d0ca2bdb99e12fb96adc80e31dc,the Democratic Republic of the Congo,CD,introduced,invasive,1896 / 1981
alien-flora-congo-checklist:taxon:8c76111241abeff7980858d185b1da17,the Democratic Republic of the Congo,CD,introduced,established,1903 / 1979
alien-flora-congo-checklist:taxon:8ded9fe68f064e92e8b56eb7d6bc6a19,the Democratic Republic of the Congo,CD,introduced,casual,1933 / 1977
alien-flora-congo-checklist:taxon:8df0a506ca843f97abbc8b0d5eee5cb1,the Democratic Republic of the Congo,CD,uncertain,established,1893 / 1893
alien-flora-congo-checklist:taxon:8e95bfcd3b64b31a4ab6b71ccda3b86e,the Democratic Republic of the Congo,CD,introduced,established,1929 / 1954
alien-flora-congo-checklist:taxon:901a3fa12fd126be6a32a00557e02434,the Democratic Republic of the Congo,CD,introduced,established,1901 / 1986
alien-flora-congo-checklist:taxon:9057bd8aab79cce03436c1e4ebb2589f,the Democratic Republic of the Congo,CD,introduced,casual,1970 / 1970
alien-flora-congo-checklist:taxon:92358f60c9d6cdf56e597adf662359cc,the Democratic Republic of the Congo,CD,introduced,casual,1975 / 1979
alien-flora-congo-checklist:taxon:938ad633d297f705fa4a7d3d74353746,the Democratic Republic of the Congo,CD,introduced,established,1907 / 1988
alien-flora-congo-checklist:taxon:93f931dd180d4e253646f77edb650473,the Democratic Republic of the Congo,CD,introduced,casual,1953 / 1954
alien-flora-congo-checklist:taxon:94e6206e5538f1d912128910bcd03ee2,the Democratic Republic of the Congo,CD,introduced,casual,1932 / 2007
alien-flora-congo-checklist:taxon:9587aaa57bc4c4f56883ab3c90917e67,the Democratic Republic of the Congo,CD,introduced,casual,1932 / 1983
alien-flora-congo-checklist:taxon:95dd3f1c8f1d84749406b66076a4a0d3,the Democratic Republic of the Congo,CD,introduced,established,1970 / 1981
alien-flora-congo-checklist:taxon:963ff76cc4a214cda5eb6c853ca3283a,the Democratic Republic of the Congo,CD,introduced,casual,1894 / 1988
alien-flora-congo-checklist:taxon:9676dab3ea73ec9e5cf9a0e59521377e,the Democratic Republic of the Congo,CD,introduced,casual,1931 / 1988
alien-flora-congo-checklist:taxon:98267c0c8a3a1a3f1b37d8d55cff6b02,the Democratic Republic of the Congo,CD,introduced,casual,1931 / 1933
alien-flora-congo-checklist:taxon:982d9405bfbba575cbb28ce720480066,the Democratic Republic of the Congo,CD,introduced,established,1914 / 1951
alien-flora-congo-checklist:taxon:99c4299c5f70600b2df1afc197069b88,the Democratic Republic of the Congo,CD,introduced,invasive,1888 / 2008
alien-flora-congo-checklist:taxon:9a46d86bebb783c1395fd8279dc385f8,the Democratic Republic of the Congo,CD,introduced,casual,1895 / 1941
alien-flora-congo-checklist:taxon:9bb3ae710de7de798b3a94260e18ac85,the Democratic Republic of the Congo,CD,introduced,casual,1897 / 1985
alien-flora-congo-checklist:taxon:9d1924c5609ec725a7a0eab368deb834,the Democratic Republic of the Congo,CD,introduced,casual,1961 / 1988
alien-flora-congo-checklist:taxon:9d809e2ba419ae4eaea7f32b16463413,the Democratic Republic of the Congo,CD,introduced,casual,1904 / 1999
alien-flora-congo-checklist:taxon:9d84e793f5c4e7e2f4b473a3489b7046,the Democratic Republic of the Congo,CD,introduced,casual,1934 / 1957
alien-flora-congo-checklist:taxon:9dccf6898c1d294eb376c03d66248965,the Democratic Republic of the Congo,CD,introduced,casual,1948 / 1948
alien-flora-congo-checklist:taxon:9e80e82d9f1b52ab651dc078e16ce877,the Democratic Republic of the Congo,CD,introduced,established,1944 / 1951
alien-flora-congo-checklist:taxon:9ee0be1075aba40a9198f93189c3c68c,the Democratic Republic of the Congo,CD,introduced,established,1927 / 1979
alien-flora-congo-checklist:taxon:9ef4c4bce11cc776d850ec176af0615d,the Democratic Republic of the Congo,CD,introduced,established,1941 / 2010
alien-flora-congo-checklist:taxon:9f417f6d8239683692582700d883ba64,the Democratic Republic of the Congo,CD,introduced,casual,1906 / 1932
alien-flora-congo-checklist:taxon:9f7a2dabdcbfa351fb2663a6f86fc6cf,the Democratic Republic of the Congo,CD,introduced,established,1900
alien-flora-congo-checklist:taxon:9fff483513b643dd5db6c084cd595ad0,the Democratic Republic of the Congo,CD,introduced,casual,1900 / 1985
alien-flora-congo-checklist:taxon:a0e7740ebad926b2e15632e679026172,the Democratic Republic of the Congo,CD,introduced,casual,
alien-flora-congo-checklist:taxon:a23e093c3bdf5502e993793d2ac97e73,the Democratic Republic of the Congo,CD,introduced,casual,1970 / 1977
alien-flora-congo-checklist:taxon:a2b9f73e72cba0fa64232cb8b33d4c95,the Democratic Republic of the Congo,CD,introduced,casual,1919 / 1954
alien-flora-congo-checklist:taxon:a2d99a012728451223ad2d3a7e90ec70,the Democratic Republic of the Congo,CD,introduced,established,1956 / 2013
alien-flora-congo-checklist:taxon:a400f4e6d7592903135e1661bbbd8bfc,the Democratic Republic of the Congo,CD,introduced,established,1972 / 2014
alien-flora-congo-checklist:taxon:a445a05d6b8c087d4380d73e3a2b22b2,the Democratic Republic of the Congo,CD,introduced,invasive,1931 / 1999
alien-flora-congo-checklist:taxon:a6138e9c48f21ef53020e9b82fc3da84,the Democratic Republic of the Congo,CD,introduced,established,1903 / 1982
alien-flora-congo-checklist:taxon:a788d527898abef34219ca54af5d8d73,the Democratic Republic of the Congo,CD,introduced,invasive,1888 / 2012
alien-flora-congo-checklist:taxon:a7ad66b67f8bfff2b6acb806bbe9332e,the Democratic Republic of the Congo,CD,introduced,casual,1909 / 1957
alien-flora-congo-checklist:taxon:a871c89eb405edc707aeb5d2cb1f10cb,the Democratic Republic of the Congo,CD,uncertain,invasive,1896 / 1984
alien-flora-congo-checklist:taxon:a9058e58f700bb27aadc75b3176912c2,the Democratic Republic of the Congo,CD,introduced,established,1917 / 1983
alien-flora-congo-checklist:taxon:a9cd9041e79df88a32e3a69cf9feedac,the Democratic Republic of the Congo,CD,introduced,casual,1895 / 1910
alien-flora-congo-checklist:taxon:a9f3314b4b7c0e9331d8ab305c9511ab,the Democratic Republic of the Congo,CD,introduced,casual,1996 / 2001
alien-flora-congo-checklist:taxon:aa402bd89e4aa5f863b7e3023e476869,the Democratic Republic of the Congo,CD,introduced,casual,1888 / 2009
alien-flora-congo-checklist:taxon:aa570f1b4a8734edd39819124462a2cb,the Democratic Republic of the Congo,CD,introduced,established,1952 / 2015
alien-flora-congo-checklist:taxon:aabcd18db17d55405d4a47983ae09422,the Democratic Republic of the Congo,CD,introduced,invasive,1888 / 1994
alien-flora-congo-checklist:taxon:ab7f3c1f3e6df844671cc02e34258c01,the Democratic Republic of the Congo,CD,introduced,invasive,1902 / 1987
alien-flora-congo-checklist:taxon:ac7b8147b9caf8082047fefc93d3119e,the Democratic Republic of the Congo,CD,introduced,established,1903 / 1970
alien-flora-congo-checklist:taxon:accbe8b88ebe84b393223dacd975f0da,the Democratic Republic of the Congo,CD,introduced,casual,1933 / 2007
alien-flora-congo-checklist:taxon:adf2b9abf128885dd2cf6aa9f960e3a1,the Democratic Republic of the Congo,CD,introduced,casual,1978 / 1978
alien-flora-congo-checklist:taxon:af0b7d58d273006b2131cd830a25f508,the Democratic Republic of the Congo,CD,introduced,established,1903 / 2014
alien-flora-congo-checklist:taxon:b080e7de6ac4e56708e42f198010d4c4,the Democratic Republic of the Congo,CD,introduced,established,1948 / 1989
alien-flora-congo-checklist:taxon:b0f00537a6d922092c064ee005f21ce5,the Democratic Republic of the Congo,CD,introduced,casual,1960 / 1960
alien-flora-congo-checklist:taxon:b2915d5e332ce3b942f42408f8d92ab2,the Democratic Republic of the Congo,CD,introduced,established,1909 / 1983
alien-flora-congo-checklist:taxon:b34b1e00d73ff0265cb49d598b580f92,the Democratic Republic of the Congo,CD,introduced,casual,1900 / 1937
alien-flora-congo-checklist:taxon:b3568dfd8e5497b157790499671e2467,the Democratic Republic of the Congo,CD,introduced,established,1912 / 1974
alien-flora-congo-checklist:taxon:b3abe95cd156073afdab00cebc3fdf78,the Democratic Republic of the Congo,CD,introduced,casual,1919 / 1981
alien-flora-congo-checklist:taxon:b3b517eb849a9d922b0bf9dc975f6624,the Democratic Republic of the Congo,CD,introduced,established,1913 / 1973
alien-flora-congo-checklist:taxon:b3d8eda83a2b1d425956e531eb40b9a4,the Democratic Republic of the Congo,CD,introduced,established,1888 / 1998
alien-flora-congo-checklist:taxon:b3e00935ce91c3f3ce7608efe1ff84da,the Democratic Republic of the Congo,CD,introduced,casual,1938 / 1938
alien-flora-congo-checklist:taxon:b448a3c9fe21385494078ea37bf9bfa0,the Democratic Republic of the Congo,CD,introduced,established,1903 / 1978
alien-flora-congo-checklist:taxon:b4b6c54965ef59246c09ef7fd66555fb,the Democratic Republic of the Congo,CD,introduced,established,1907 / 1981
alien-flora-congo-checklist:taxon:b4db94049cc3fe32365a05084e632ccc,the Democratic Republic of the Congo,CD,introduced,casual,1900 / 1996
alien-flora-congo-checklist:taxon:b587d8e40eb56870b42921e75330179a,the Democratic Republic of the Congo,CD,introduced,established,1909 / 1990
alien-flora-congo-checklist:taxon:b5b1c1347d97a852c5bc7f0914c5e1de,the Democratic Republic of the Congo,CD,introduced,established,1919 / 1983
alien-flora-congo-checklist:taxon:b5d5e99d9f36428dbebf20c0ce3e5825,the Democratic Republic of the Congo,CD,introduced,casual,1909 / 1984
alien-flora-congo-checklist:taxon:b66fb338de219e428418f780c83f04c4,the Democratic Republic of the Congo,CD,introduced,invasive,1910 / 1996
alien-flora-congo-checklist:taxon:b89fe25887ce7bf5a1e841e321496ddb,the Democratic Republic of the Congo,CD,introduced,established,1914 / 1994
alien-flora-congo-checklist:taxon:b8b1294305d3efaff37ce1cd085b778b,the Democratic Republic of the Congo,CD,introduced,casual,1937 / 1998
alien-flora-congo-checklist:taxon:b8f0ef546e51691561a92806fb33ed45,the Democratic Republic of the Congo,CD,introduced,established,1914 / 1958
alien-flora-congo-checklist:taxon:b94def665f4a8ed40acfc718bc6f176f,the Democratic Republic of the Congo,CD,introduced,casual,1900 / 1985
alien-flora-congo-checklist:taxon:baae497ca6bcedb4408fbce3e9716f68,the Democratic Republic of the Congo,CD,introduced,established,1903 / 1988
alien-flora-congo-checklist:taxon:bac5a3870db1d9cfef68cf98fcc66027,the Democratic Republic of the Congo,CD,introduced,casual,1890 / 2013
alien-flora-congo-checklist:taxon:bb7d7394022f5694abdc0d5c2c2cbacd,the Democratic Republic of the Congo,CD,introduced,casual,1937
alien-flora-congo-checklist:taxon:bc5226da858c8cd7b1891a3ee884617a,the Democratic Republic of the Congo,CD,introduced,invasive,1895 / 1994
alien-flora-congo-checklist:taxon:be3f2597aea1f48c779077e8e25de989,the Democratic Republic of the Congo,CD,introduced,casual,1905 / 2011
alien-flora-congo-checklist:taxon:be73f3c56fe0180114ba51bbc89ebce0,the Democratic Republic of the Congo,CD,introduced,casual,1935 / 2008
alien-flora-congo-checklist:taxon:bfa8cc2692c7f7137627c7740be27add,the Democratic Republic of the Congo,CD,introduced,casual,1919 / 1973
alien-flora-congo-checklist:taxon:bfab6b52ec440134b83f65daf972fd00,the Democratic Republic of the Congo,CD,introduced,casual,1909 / 1990
alien-flora-congo-checklist:taxon:c006f5475b1f6ca2f026ee48680ddd9e,the Democratic Republic of the Congo,CD,introduced,casual,1958 / 1990
alien-flora-congo-checklist:taxon:c0ced183e31b061435daf69f19b71bbd,the Democratic Republic of the Congo,CD,introduced,invasive,1895 / 2010
alien-flora-congo-checklist:taxon:c175e08f05822c0c5d8471537040b30e,the Democratic Republic of the Congo,CD,introduced,invasive,1957 / 1990
alien-flora-congo-checklist:taxon:c1d69525c98af518e4612130154762fa,the Democratic Republic of the Congo,CD,introduced,casual,1967 / 2006
alien-flora-congo-checklist:taxon:c3087e87ca5a4a5c83a04fd3f3c0062f,the Democratic Republic of the Congo,CD,introduced,invasive,1895 / 2007
alien-flora-congo-checklist:taxon:c4152a5bbee1a629b7c0584feaf84b33,the Democratic Republic of the Congo,CD,introduced,casual,1912 / 1937
alien-flora-congo-checklist:taxon:c4b0a0e31371223dfdc0e5c0b3502ce3,the Democratic Republic of the Congo,CD,introduced,invasive,1914 / 2008
alien-flora-congo-checklist:taxon:c4ff02cefb8531dad06fee1874785077,the Democratic Republic of the Congo,CD,introduced,casual,1930 / 1981
alien-flora-congo-checklist:taxon:c60caf2463b5989d555b2c4aeeeeef91,the Democratic Republic of the Congo,CD,introduced,established,1932 / 1982
alien-flora-congo-checklist:taxon:c67023e4c26d89c24a6deab0e026da7a,the Democratic Republic of the Congo,CD,introduced,invasive,1888 / 2013
alien-flora-congo-checklist:taxon:c72702581fa96537cd6ebc522f38fb38,the Democratic Republic of the Congo,CD,introduced,casual,1975 / 1981
alien-flora-congo-checklist:taxon:c86edf9688b1cc083c8479a1821279bc,the Democratic Republic of the Congo,CD,introduced,casual,1888 / 1996
alien-flora-congo-checklist:taxon:ca00780f2b7e217d785ecb8e693ec2dc,the Democratic Republic of the Congo,CD,introduced,invasive,1888 / 1999
alien-flora-congo-checklist:taxon:caa68547c68bbd5989e168d87095396b,the Democratic Republic of the Congo,CD,introduced,casual,2007 / 2007
alien-flora-congo-checklist:taxon:cd482474ee8be3403968771167c36080,the Democratic Republic of the Congo,CD,introduced,invasive,1879 / 1994
alien-flora-congo-checklist:taxon:cd843c31448b4a53180bf6a752ecc5b7,the Democratic Republic of the Congo,CD,introduced,established,1971
alien-flora-congo-checklist:taxon:ce4eb2d49ed4e96e73cd130f1e935c29,the Democratic Republic of the Congo,CD,introduced,invasive,1919 / 2009
alien-flora-congo-checklist:taxon:cf303a597aded9db764eac31ee42cab3,the Democratic Republic of the Congo,CD,introduced,established,1921 / 2013
alien-flora-congo-checklist:taxon:cf42c86ee1e47877106023833a67db60,the Democratic Republic of the Congo,CD,introduced,invasive,1913 / 2004
alien-flora-congo-checklist:taxon:cfac5215daa5311f8c724ca977d0fe29,the Democratic Republic of the Congo,CD,introduced,established,1940 / 1987
alien-flora-congo-checklist:taxon:d07c7abc32f6b7dc0c6003c1713cf4ec,the Democratic Republic of the Congo,CD,introduced,established,1888 / 2010
alien-flora-congo-checklist:taxon:d2457bc79622bfaec3aeae6b5af91dae,the Democratic Republic of the Congo,CD,introduced,casual,1975 / 2004
alien-flora-congo-checklist:taxon:d2697b3a7a891b84343ddb10c4e36616,the Democratic Republic of the Congo,CD,introduced,casual,1961 / 1961
alien-flora-congo-checklist:taxon:d44197ab3eaa38bdb90607781d8dc468,the Democratic Republic of the Congo,CD,introduced,established,1903 / 1976
alien-flora-congo-checklist:taxon:d4baad07ebd0c2e3a0092cb9d68b9041,the Democratic Republic of the Congo,CD,introduced,established,1900 / 1977
alien-flora-congo-checklist:taxon:d4c3c1cede7615b996db4c380e42671b,the Democratic Republic of the Congo,CD,introduced,established,1888 / 2010
alien-flora-congo-checklist:taxon:d5a1bd8442f3389a169965f40ec69dc1,the Democratic Republic of the Congo,CD,introduced,invasive,1899 / 1994
alien-flora-congo-checklist:taxon:d608445dd4a5a508c242d0006ae0f1b6,the Democratic Republic of the Congo,CD,introduced,invasive,1903 / 2007
alien-flora-congo-checklist:taxon:d688e4b88fa5d3f550c6083dccd771dc,the Democratic Republic of the Congo,CD,introduced,invasive,1895 / 2009
alien-flora-congo-checklist:taxon:d6e9fead0be0861a3e28196abe5ffe34,the Democratic Republic of the Congo,CD,introduced,established,1909 / 2007
alien-flora-congo-checklist:taxon:d70f4684182092528439d0cc4a08edc9,the Democratic Republic of the Congo,CD,introduced,casual,1979 / 1979
alien-flora-congo-checklist:taxon:d75532adf308cb3b8c0e7881c10613b8,the Democratic Republic of the Congo,CD,introduced,invasive,1923 / 1996
alien-flora-congo-checklist:taxon:d76ca1ca189e43c83a7b75e0eae2f50b,the Democratic Republic of the Congo,CD,introduced,established,1923 / 1987
alien-flora-congo-checklist:taxon:d7838f2b2b05db8820c35237226ec72c,the Democratic Republic of the Congo,CD,introduced,casual,1895 / 1996
alien-flora-congo-checklist:taxon:d80ce3238c4364192a36be6a1bbfc6eb,the Democratic Republic of the Congo,CD,introduced,casual,1938 / 1948
alien-flora-congo-checklist:taxon:d815dbae922a6bf6f0812f89e77b225c,the Democratic Republic of the Congo,CD,introduced,casual,1947 / 1978
alien-flora-congo-checklist:taxon:d8a62bfbab3cf860dd3b309d971a9d9a,the Democratic Republic of the Congo,CD,introduced,casual,1939 / 1939
alien-flora-congo-checklist:taxon:d9add5904eaf7a3ac8af87b271c074aa,the Democratic Republic of the Congo,CD,introduced,casual,1953 / 1953
alien-flora-congo-checklist:taxon:d9be4c2f4d57cf5837993d0f730f18b9,the Democratic Republic of the Congo,CD,introduced,casual,1896 / 2012
alien-flora-congo-checklist:taxon:d9ce124fabb486e11ef446947c61cb98,the Democratic Republic of the Congo,CD,introduced,invasive,1905 / 2012
alien-flora-congo-checklist:taxon:d9dc1a77c9a435f4e246182b189a0470,the Democratic Republic of the Congo,CD,introduced,casual,1957 / 1958
alien-flora-congo-checklist:taxon:da5d8a5947586b0b56b9a0d6f292b9eb,the Democratic Republic of the Congo,CD,introduced,casual,1912 / 1946
alien-flora-congo-checklist:taxon:da69dd6704155f8084c7d218b801c9a7,the Democratic Republic of the Congo,CD,introduced,casual,1913 / 1933
alien-flora-congo-checklist:taxon:da6ed8533c4d46403fefe7a4a21115c3,the Democratic Republic of the Congo,CD,uncertain,established,1937 / 2011
alien-flora-congo-checklist:taxon:db4bff83816878d8c91683253a5103a8,the Democratic Republic of the Congo,CD,introduced,casual,1895 / 1996
alien-flora-congo-checklist:taxon:db5d39f13e0f017cc14003b6c7202975,the Democratic Republic of the Congo,CD,introduced,casual,1914 / 1951
alien-flora-congo-checklist:taxon:db6f1955c9a81a979377c074595d3067,the Democratic Republic of the Congo,CD,introduced,casual,1948 / 1948
alien-flora-congo-checklist:taxon:dbd11e498de1f3379676cfc76fb70262,the Democratic Republic of the Congo,CD,introduced,casual,1969 / 1981
alien-flora-congo-checklist:taxon:dc6c1a359facd6190f7be3167049f052,the Democratic Republic of the Congo,CD,introduced,established,1896 / 2015
alien-flora-congo-checklist:taxon:dc87ed64197f035d2c9b8e1f5f7514bb,the Democratic Republic of the Congo,CD,introduced,invasive,1933 / 2012
alien-flora-congo-checklist:taxon:dcae9cf37d09bf9ee07980676b0c53b1,the Democratic Republic of the Congo,CD,introduced,casual,1933 / 1972
alien-flora-congo-checklist:taxon:dd53985cc48feef5a4377b8ce89fc9d0,the Democratic Republic of the Congo,CD,introduced,established,1900 / 1984
alien-flora-congo-checklist:taxon:de2937e56e52bcef65989ef2cecfcf03,the Democratic Republic of the Congo,CD,introduced,casual,1904 / 1944
alien-flora-congo-checklist:taxon:de3b54e5e63b812a6e0f7a891cda1775,the Democratic Republic of the Congo,CD,introduced,casual,1909 / 1959
alien-flora-congo-checklist:taxon:deefa5f1a98f4c54ab36927e6d8f838e,the Democratic Republic of the Congo,CD,introduced,invasive,1930 / 1952
alien-flora-congo-checklist:taxon:e08e83cabad0fb4ddace4ee952a3a91e,the Democratic Republic of the Congo,CD,introduced,established,1957 / 1970
alien-flora-congo-checklist:taxon:e2119094b734018329d5890d390754b7,the Democratic Republic of the Congo,CD,introduced,casual,1931 / 1991
alien-flora-congo-checklist:taxon:e21916f324fc18dc96d90ad380f348a8,the Democratic Republic of the Congo,CD,introduced,established,1900 / 1981
alien-flora-congo-checklist:taxon:e25ebdd26cb3b7631f039fef9ad2811b,the Democratic Republic of the Congo,CD,introduced,invasive,1903 / 2014
alien-flora-congo-checklist:taxon:e30938399d2ca68699844e9184799fc6,the Democratic Republic of the Congo,CD,introduced,invasive,1906 / 1990
alien-flora-congo-checklist:taxon:e31de345461b845e6956d8c93f0cb1ce,the Democratic Republic of the Congo,CD,introduced,invasive,1888 / 2012
alien-flora-congo-checklist:taxon:e3653fec33e584d3448a3739b8866670,the Democratic Republic of the Congo,CD,introduced,established,1912 / 1972
alien-flora-congo-checklist:taxon:e3a7ca864903fa9ae019def3c57ab4e3,the Democratic Republic of the Congo,CD,introduced,established,1927 / 1994
alien-flora-congo-checklist:taxon:e3d4ea100101cb417c13d3f72e037121,the Democratic Republic of the Congo,CD,introduced,invasive,1903 / 2010
alien-flora-congo-checklist:taxon:e48728b255acb74c5974a9dbd5531db0,the Democratic Republic of the Congo,CD,introduced,established,1910 / 1959
alien-flora-congo-checklist:taxon:e60013bda6c618a8081d3a4deb9e41b8,the Democratic Republic of the Congo,CD,introduced,established,1990 / 1990
alien-flora-congo-checklist:taxon:e60529cc2a2ebc0f96b3c6bb6362f634,the Democratic Republic of the Congo,CD,introduced,casual,1984 / 1986
alien-flora-congo-checklist:taxon:e6097e243e9a9a7a6f34a47e1ba88a9b,the Democratic Republic of the Congo,CD,introduced,established,1905 / 1931
alien-flora-congo-checklist:taxon:e74acf8609cfb7c491c5a925fa21985e,the Democratic Republic of the Congo,CD,introduced,invasive,1931 / 2010
alien-flora-congo-checklist:taxon:e7721a219e56c8768a871f5437574e23,the Democratic Republic of the Congo,CD,introduced,established,1899 / 1957
alien-flora-congo-checklist:taxon:e791c6cbdaddeb4a308d201da5dc108c,the Democratic Republic of the Congo,CD,introduced,established,1903 / 2004
alien-flora-congo-checklist:taxon:e7f10d301adedb950b18d7d17d841fa7,the Democratic Republic of the Congo,CD,introduced,casual,1948 / 1982
alien-flora-congo-checklist:taxon:e85e186db1a36c83bb5fba1b47f6d5f2,the Democratic Republic of the Congo,CD,introduced,casual,1912 / 1992
alien-flora-congo-checklist:taxon:e937db05e53e742fe4085081b6adb031,the Democratic Republic of the Congo,CD,introduced,established,1934 / 1957
alien-flora-congo-checklist:taxon:eaa85dcc738a5277e3b5400dad2d35ee,the Democratic Republic of the Congo,CD,introduced,invasive,1903 / 2010
alien-flora-congo-checklist:taxon:ebbbccf2310e50cfab3a20a1834f6377,the Democratic Republic of the Congo,CD,introduced,casual,1970 / 1970
alien-flora-congo-checklist:taxon:ecc796f1376da40cf0a560efc63c7ab7,the Democratic Republic of the Congo,CD,introduced,established,1930 / 1932
alien-flora-congo-checklist:taxon:ecea8ea24d51f13fb80e69f2c349c39b,the Democratic Republic of the Congo,CD,introduced,casual,1900 / 1973
alien-flora-congo-checklist:taxon:ed3387831bff714ec6bbfb8602a154b2,the Democratic Republic of the Congo,CD,introduced,casual,1957 / 1996
alien-flora-congo-checklist:taxon:ed48bea616f8bcc2ef56fa0091bdeb0e,the Democratic Republic of the Congo,CD,introduced,casual,1890 / 2009
alien-flora-congo-checklist:taxon:ed4e4df35dadb46996f38b614da21f65,the Democratic Republic of the Congo,CD,introduced,established,1950 / 2010
alien-flora-congo-checklist:taxon:ee82e7f440b4db8978b5dc76c4a62b98,the Democratic Republic of the Congo,CD,introduced,invasive,1900 / 2007
alien-flora-congo-checklist:taxon:eefea6fd012ff3d75e11e88cea2c8f24,the Democratic Republic of the Congo,CD,introduced,casual,1928 / 1972
alien-flora-congo-checklist:taxon:f12af88efd139087e772b05c374f75c5,the Democratic Republic of the Congo,CD,introduced,casual,1935 / 1959
alien-flora-congo-checklist:taxon:f1955f58cd8ded2c69d02b06cd2dabc0,the Democratic Republic of the Congo,CD,introduced,casual,1963 / 1972
alien-flora-congo-checklist:taxon:f308ff09d406706e7aee159a0d21607c,the Democratic Republic of the Congo,CD,introduced,casual,1916 / 1979
alien-flora-congo-checklist:taxon:f3ed3057738b3d0afcc0f7630d138b58,the Democratic Republic of the Congo,CD,introduced,established,1900 / 2006
alien-flora-congo-checklist:taxon:f56a097f7fa0ec267ea8ef6cc2bbe19c,the Democratic Republic of the Congo,CD,introduced,established,1926 / 1999
alien-flora-congo-checklist:taxon:f57ff74bb56103b567794a73a220c29e,the Democratic Republic of the Congo,CD,introduced,casual,1890 / 1958
alien-flora-congo-checklist:taxon:f58e9da11b7f1a0ab0cd1b8896f03c0d,the Democratic Republic of the Congo,CD,introduced,established,1884 / 1966
alien-flora-congo-checklist:taxon:f5aa3dfc81ce3258a9b365c003ba1e6e,the Democratic Republic of the Congo,CD,introduced,casual,1921 / 1937
alien-flora-congo-checklist:taxon:f5cbd63411b35a457f28cd18d9c318ab,the Democratic Republic of the Congo,CD,introduced,established,1903 / 1987
alien-flora-congo-checklist:taxon:f5fcb520bed1aead4c515179a5c4e22b,the Democratic Republic of the Congo,CD,introduced,established,1893 / 2010
alien-flora-congo-checklist:taxon:f6408c93ac948847ce2a17855570471f,the Democratic Republic of the Congo,CD,introduced,invasive,1888 / 2015
alien-flora-congo-checklist:taxon:f7510901b6f4980682d7674c6e1d9b84,the Democratic Republic of the Congo,CD,introduced,established,1905 / 1987
alien-flora-congo-checklist:taxon:f75a228fc3dc45af78a1372cd19a96eb,the Democratic Republic of the Congo,CD,introduced,established,1913 / 1976
alien-flora-congo-checklist:taxon:f798867fc81c68b38e61e79743325d85,the Democratic Republic of the Congo,CD,introduced,casual,1881 / 1984
alien-flora-congo-checklist:taxon:f7efb07380987319d7c5496c38d67847,the Democratic Republic of the Congo,CD,introduced,established,1896 / 1990
alien-flora-congo-checklist:taxon:f9be7840492525cd52e20fb1e40ccd1d,the Democratic Republic of the Congo,CD,introduced,established,1935 / 1996
alien-flora-congo-checklist:taxon:f9ea8fed69bd7d2a7d46dfbbc126665c,the Democratic Republic of the Congo,CD,introduced,invasive,1909 / 2014
alien-flora-congo-checklist:taxon:fa517278847414a23b1f26f7bb4ef2b8,the Democratic Republic of the Congo,CD,introduced,established,1912 / 2009
alien-flora-congo-checklist:taxon:fa83f4c732f7bea030243f502fd55445,the Democratic Republic of the Congo,CD,introduced,established,1920 / 2010
alien-flora-congo-checklist:taxon:fb7b7b517f5e5dbeee10e4e99ae7b62b,the Democratic Republic of the Congo,CD,introduced,invasive,1888 / 1988
alien-flora-congo-checklist:taxon:fb944b1deba94660e334ff46495431fa,the Democratic Republic of the Congo,CD,introduced,casual,1958 / 2007
alien-flora-congo-checklist:taxon:fba9ff7929978edf487f833be278ac36,the Democratic Republic of the Congo,CD,introduced,established,1927 / 1990
alien-flora-congo-checklist:taxon:fc35b95880fb3588fd095f8b1e274f04,the Democratic Republic of the Congo,CD,introduced,established,1932 / 2007
alien-flora-congo-checklist:taxon:fcaf4f0cb61c7994bdc2238ad2354384,the Democratic Republic of the Congo,CD,introduced,established,1973 / 1982
alien-flora-congo-checklist:taxon:fd74f1819dd11949637272c6439f692f,the Democratic Republic of the Congo,CD,introduced,casual,1896 / 1952
alien-flora-congo-checklist:taxon:fd76c3c6df765c3a86190ebfb7ca4d78,the Democratic Republic of the Congo,CD,introduced,casual,1888 / 1975
alien-flora-congo-checklist:taxon:fdaf449e0de05951bd114e57b1ed5349,the Democratic Republic of the Congo,CD,introduced,invasive,1888 / 2008
alien-flora-congo-checklist:taxon:fde2aca64e6ca8f4e834b438700dadc3,the Democratic Republic of the Congo,CD,uncertain,established,1910 / 1981
alien-flora-congo-checklist:taxon:fec5518ef6aa3a261707c393f3a95eaa,the Democratic Republic of the Congo,CD,introduced,established,1888 / 1996
alien-flora-congo-checklist:taxon:fed43b7d24614b6a3719af9199e1326e,the Democratic Republic of the Congo,CD,introduced,established,1913 / 1958
